LR,cell_type_pair,number_of_patient
A2M->LRP1,CAF->CAF,9
A2M->LRP1,CAF->DC,5
A2M->LRP1,CAF->EMT,2
A2M->LRP1,CAF->Endo,6
A2M->LRP1,CAF->ETC,9
A2M->LRP1,CAF->TAM,9
A2M->LRP1,CAF->TIL,2
A2M->LRP1,DC->CAF,6
A2M->LRP1,DC->DC,4
A2M->LRP1,DC->EMT,1
A2M->LRP1,DC->Endo,5
A2M->LRP1,DC->ETC,7
A2M->LRP1,DC->TAM,7
A2M->LRP1,DC->TIL,2
A2M->LRP1,EMT->CAF,2
A2M->LRP1,EMT->EMT,2
A2M->LRP1,EMT->Endo,2
A2M->LRP1,EMT->ETC,1
A2M->LRP1,EMT->TAM,2
A2M->LRP1,Endo->CAF,7
A2M->LRP1,Endo->DC,3
A2M->LRP1,Endo->EMT,2
A2M->LRP1,Endo->Endo,6
A2M->LRP1,Endo->ETC,6
A2M->LRP1,Endo->TAM,7
A2M->LRP1,Endo->TIL,2
A2M->LRP1,ETC->CAF,9
A2M->LRP1,ETC->DC,5
A2M->LRP1,ETC->EMT,2
A2M->LRP1,ETC->Endo,6
A2M->LRP1,ETC->ETC,9
A2M->LRP1,ETC->TAM,9
A2M->LRP1,ETC->TIL,2
A2M->LRP1,TAM->CAF,7
A2M->LRP1,TAM->DC,5
A2M->LRP1,TAM->EMT,1
A2M->LRP1,TAM->Endo,5
A2M->LRP1,TAM->ETC,7
A2M->LRP1,TAM->TAM,8
A2M->LRP1,TAM->TIL,2
A2M->LRP1,TIL->CAF,2
A2M->LRP1,TIL->DC,1
A2M->LRP1,TIL->Endo,1
A2M->LRP1,TIL->ETC,2
A2M->LRP1,TIL->TAM,2
A2M->LRP1,TIL->TIL,2
ACE->BDKRB2,CAF->CAF,8
ACE->BDKRB2,CAF->DC,1
ACE->BDKRB2,CAF->EMT,2
ACE->BDKRB2,CAF->Endo,7
ACE->BDKRB2,CAF->ETC,8
ACE->BDKRB2,CAF->TAM,2
ACE->BDKRB2,DC->CAF,3
ACE->BDKRB2,DC->Endo,3
ACE->BDKRB2,DC->ETC,3
ACE->BDKRB2,DC->TAM,1
ACE->BDKRB2,EMT->CAF,2
ACE->BDKRB2,EMT->EMT,2
ACE->BDKRB2,EMT->Endo,2
ACE->BDKRB2,EMT->ETC,2
ACE->BDKRB2,Endo->CAF,4
ACE->BDKRB2,Endo->DC,1
ACE->BDKRB2,Endo->EMT,1
ACE->BDKRB2,Endo->Endo,4
ACE->BDKRB2,Endo->ETC,4
ACE->BDKRB2,Endo->TAM,1
ACE->BDKRB2,ETC->CAF,8
ACE->BDKRB2,ETC->DC,1
ACE->BDKRB2,ETC->EMT,1
ACE->BDKRB2,ETC->Endo,6
ACE->BDKRB2,ETC->ETC,9
ACE->BDKRB2,ETC->TAM,2
ACE->BDKRB2,TAM->CAF,7
ACE->BDKRB2,TAM->DC,1
ACE->BDKRB2,TAM->EMT,1
ACE->BDKRB2,TAM->Endo,6
ACE->BDKRB2,TAM->ETC,7
ACE->BDKRB2,TAM->TAM,2
AGRP->SDC3,CAF->CAF,1
AGRP->SDC3,CAF->Endo,1
AGRP->SDC3,CAF->ETC,1
AGRP->SDC3,CAF->TAM,1
AGRP->SDC3,DC->CAF,1
AGRP->SDC3,DC->DC,1
AGRP->SDC3,DC->Endo,1
AGRP->SDC3,DC->ETC,1
AGRP->SDC3,DC->TAM,1
AGRP->SDC3,ETC->CAF,1
AGRP->SDC3,ETC->Endo,1
AGRP->SDC3,ETC->ETC,1
AGRP->SDC3,ETC->TAM,1
AGRP->SDC3,TAM->CAF,6
AGRP->SDC3,TAM->DC,2
AGRP->SDC3,TAM->Endo,4
AGRP->SDC3,TAM->ETC,7
AGRP->SDC3,TAM->TAM,6
AGT->AGTR1,CAF->CAF,8
AGT->AGTR1,CAF->EMT,1
AGT->AGTR1,CAF->Endo,1
AGT->AGTR1,CAF->ETC,5
AGT->AGTR1,CAF->TAM,2
AGT->AGTR1,EMT->CAF,1
AGT->AGTR1,EMT->EMT,1
AGT->AGTR1,EMT->ETC,1
AGT->AGTR1,Endo->CAF,4
AGT->AGTR1,Endo->EMT,1
AGT->AGTR1,Endo->Endo,1
AGT->AGTR1,Endo->ETC,2
AGT->AGTR1,Endo->TAM,1
AGT->AGTR1,ETC->CAF,7
AGT->AGTR1,ETC->EMT,1
AGT->AGTR1,ETC->Endo,1
AGT->AGTR1,ETC->ETC,4
AGT->AGTR1,ETC->TAM,2
AGT->AGTR1,TAM->CAF,4
AGT->AGTR1,TAM->ETC,2
AGT->AGTR1,TAM->TAM,2
AGT->AGTR1,TIL->CAF,1
AGT->AGTR1,TIL->TAM,1
ANGPT1->TEK,CAF->CAF,7
ANGPT1->TEK,CAF->EMT,1
ANGPT1->TEK,CAF->Endo,6
ANGPT1->TEK,CAF->ETC,6
ANGPT1->TEK,EMT->CAF,1
ANGPT1->TEK,EMT->EMT,1
ANGPT1->TEK,EMT->Endo,2
ANGPT1->TEK,Endo->CAF,4
ANGPT1->TEK,Endo->EMT,1
ANGPT1->TEK,Endo->Endo,4
ANGPT1->TEK,Endo->ETC,3
ANGPT1->TEK,ETC->CAF,2
ANGPT1->TEK,ETC->Endo,2
ANGPT1->TEK,ETC->ETC,2
ANGPT1->TEK,TAM->CAF,2
ANGPT1->TEK,TAM->Endo,2
ANGPT1->TEK,TAM->ETC,2
ANGPT1->TIE1,CAF->CAF,4
ANGPT1->TIE1,CAF->DC,1
ANGPT1->TIE1,CAF->EMT,1
ANGPT1->TIE1,CAF->Endo,6
ANGPT1->TIE1,CAF->ETC,6
ANGPT1->TIE1,CAF->TAM,4
ANGPT1->TIE1,EMT->CAF,2
ANGPT1->TIE1,EMT->DC,1
ANGPT1->TIE1,EMT->EMT,2
ANGPT1->TIE1,EMT->Endo,2
ANGPT1->TIE1,EMT->ETC,1
ANGPT1->TIE1,Endo->CAF,3
ANGPT1->TIE1,Endo->DC,1
ANGPT1->TIE1,Endo->EMT,1
ANGPT1->TIE1,Endo->Endo,4
ANGPT1->TIE1,Endo->ETC,3
ANGPT1->TIE1,Endo->TAM,2
ANGPT1->TIE1,ETC->CAF,2
ANGPT1->TIE1,ETC->DC,1
ANGPT1->TIE1,ETC->EMT,1
ANGPT1->TIE1,ETC->Endo,2
ANGPT1->TIE1,ETC->ETC,4
ANGPT1->TIE1,ETC->TAM,1
ANGPT1->TIE1,TAM->DC,1
ANGPT1->TIE1,TAM->Endo,2
ANGPT1->TIE1,TAM->ETC,2
ANGPT1->TIE1,TAM->TAM,2
ANGPTL1->TEK,CAF->CAF,7
ANGPTL1->TEK,CAF->EMT,1
ANGPTL1->TEK,CAF->Endo,7
ANGPTL1->TEK,CAF->ETC,6
ANGPTL1->TEK,EMT->Endo,1
ANGPTL1->TEK,Endo->CAF,2
ANGPTL1->TEK,Endo->Endo,2
ANGPTL1->TEK,Endo->ETC,2
ANGPTL1->TEK,ETC->CAF,4
ANGPTL1->TEK,ETC->Endo,5
ANGPTL1->TEK,ETC->ETC,4
ANGPTL1->TEK,TAM->CAF,1
ANGPTL1->TEK,TAM->Endo,1
ANGPTL1->TEK,TAM->ETC,1
ANGPTL1->TEK,TIL->CAF,1
ANGPTL1->TEK,TIL->Endo,1
ANGPTL1->TEK,TIL->ETC,1
APOD->LEPR,CAF->CAF,7
APOD->LEPR,CAF->DC,4
APOD->LEPR,CAF->EMT,2
APOD->LEPR,CAF->Endo,5
APOD->LEPR,CAF->ETC,8
APOD->LEPR,CAF->TAM,6
APOD->LEPR,CAF->TIL,1
APOD->LEPR,DC->CAF,5
APOD->LEPR,DC->DC,3
APOD->LEPR,DC->Endo,4
APOD->LEPR,DC->ETC,5
APOD->LEPR,DC->TAM,5
APOD->LEPR,EMT->CAF,1
APOD->LEPR,EMT->EMT,2
APOD->LEPR,EMT->Endo,1
APOD->LEPR,EMT->ETC,2
APOD->LEPR,EMT->TIL,1
APOD->LEPR,Endo->CAF,6
APOD->LEPR,Endo->DC,3
APOD->LEPR,Endo->EMT,2
APOD->LEPR,Endo->Endo,5
APOD->LEPR,Endo->ETC,6
APOD->LEPR,Endo->TAM,5
APOD->LEPR,Endo->TIL,1
APOD->LEPR,ETC->CAF,7
APOD->LEPR,ETC->DC,4
APOD->LEPR,ETC->EMT,1
APOD->LEPR,ETC->Endo,5
APOD->LEPR,ETC->ETC,8
APOD->LEPR,ETC->TAM,6
APOD->LEPR,ETC->TIL,1
APOD->LEPR,TAM->CAF,7
APOD->LEPR,TAM->DC,4
APOD->LEPR,TAM->EMT,1
APOD->LEPR,TAM->Endo,5
APOD->LEPR,TAM->ETC,7
APOD->LEPR,TAM->TAM,6
APOD->LEPR,TAM->TIL,1
APOD->LEPR,TIL->CAF,3
APOD->LEPR,TIL->DC,1
APOD->LEPR,TIL->Endo,3
APOD->LEPR,TIL->ETC,3
APOD->LEPR,TIL->TAM,3
APOE->LRP1,CAF->CAF,9
APOE->LRP1,CAF->DC,4
APOE->LRP1,CAF->EMT,2
APOE->LRP1,CAF->Endo,6
APOE->LRP1,CAF->ETC,8
APOE->LRP1,CAF->TAM,8
APOE->LRP1,CAF->TIL,2
APOE->LRP1,DC->CAF,7
APOE->LRP1,DC->DC,4
APOE->LRP1,DC->EMT,1
APOE->LRP1,DC->Endo,5
APOE->LRP1,DC->ETC,7
APOE->LRP1,DC->TAM,7
APOE->LRP1,DC->TIL,2
APOE->LRP1,EMT->CAF,3
APOE->LRP1,EMT->EMT,2
APOE->LRP1,EMT->Endo,2
APOE->LRP1,EMT->ETC,2
APOE->LRP1,EMT->TAM,2
APOE->LRP1,Endo->CAF,6
APOE->LRP1,Endo->DC,3
APOE->LRP1,Endo->EMT,1
APOE->LRP1,Endo->Endo,5
APOE->LRP1,Endo->ETC,5
APOE->LRP1,Endo->TAM,6
APOE->LRP1,Endo->TIL,2
APOE->LRP1,ETC->CAF,9
APOE->LRP1,ETC->DC,5
APOE->LRP1,ETC->EMT,2
APOE->LRP1,ETC->Endo,6
APOE->LRP1,ETC->ETC,9
APOE->LRP1,ETC->TAM,9
APOE->LRP1,ETC->TIL,2
APOE->LRP1,TAM->CAF,7
APOE->LRP1,TAM->DC,5
APOE->LRP1,TAM->EMT,1
APOE->LRP1,TAM->Endo,5
APOE->LRP1,TAM->ETC,7
APOE->LRP1,TAM->TAM,8
APOE->LRP1,TAM->TIL,2
APOE->LRP1,TIL->CAF,4
APOE->LRP1,TIL->DC,3
APOE->LRP1,TIL->Endo,3
APOE->LRP1,TIL->ETC,4
APOE->LRP1,TIL->TAM,4
APOE->LRP1,TIL->TIL,2
APOE->LRP5,CAF->CAF,9
APOE->LRP5,CAF->DC,3
APOE->LRP5,CAF->EMT,2
APOE->LRP5,CAF->Endo,5
APOE->LRP5,CAF->ETC,9
APOE->LRP5,CAF->TAM,4
APOE->LRP5,CAF->TIL,1
APOE->LRP5,DC->CAF,7
APOE->LRP5,DC->DC,3
APOE->LRP5,DC->EMT,1
APOE->LRP5,DC->Endo,4
APOE->LRP5,DC->ETC,7
APOE->LRP5,DC->TAM,4
APOE->LRP5,EMT->CAF,3
APOE->LRP5,EMT->EMT,2
APOE->LRP5,EMT->Endo,1
APOE->LRP5,EMT->ETC,3
APOE->LRP5,EMT->TIL,1
APOE->LRP5,Endo->CAF,6
APOE->LRP5,Endo->DC,3
APOE->LRP5,Endo->EMT,1
APOE->LRP5,Endo->Endo,5
APOE->LRP5,Endo->ETC,6
APOE->LRP5,Endo->TAM,3
APOE->LRP5,Endo->TIL,1
APOE->LRP5,ETC->CAF,9
APOE->LRP5,ETC->DC,3
APOE->LRP5,ETC->EMT,2
APOE->LRP5,ETC->Endo,5
APOE->LRP5,ETC->ETC,10
APOE->LRP5,ETC->TAM,4
APOE->LRP5,ETC->TIL,1
APOE->LRP5,TAM->CAF,7
APOE->LRP5,TAM->DC,3
APOE->LRP5,TAM->EMT,1
APOE->LRP5,TAM->Endo,5
APOE->LRP5,TAM->ETC,8
APOE->LRP5,TAM->TAM,4
APOE->LRP5,TAM->TIL,1
APOE->LRP5,TIL->CAF,4
APOE->LRP5,TIL->DC,2
APOE->LRP5,TIL->Endo,3
APOE->LRP5,TIL->ETC,4
APOE->LRP5,TIL->TAM,2
ARF1->CHRM3,CAF->CAF,1
ARF1->CHRM3,CAF->EMT,1
ARF1->CHRM3,CAF->Endo,3
ARF1->CHRM3,CAF->ETC,6
ARF1->CHRM3,CAF->TAM,1
ARF1->CHRM3,DC->CAF,1
ARF1->CHRM3,DC->EMT,1
ARF1->CHRM3,DC->Endo,3
ARF1->CHRM3,DC->ETC,6
ARF1->CHRM3,DC->TAM,1
ARF1->CHRM3,EMT->CAF,1
ARF1->CHRM3,EMT->EMT,1
ARF1->CHRM3,EMT->Endo,1
ARF1->CHRM3,Endo->CAF,1
ARF1->CHRM3,Endo->EMT,1
ARF1->CHRM3,Endo->Endo,3
ARF1->CHRM3,Endo->ETC,4
ARF1->CHRM3,Endo->TAM,1
ARF1->CHRM3,ETC->CAF,1
ARF1->CHRM3,ETC->EMT,1
ARF1->CHRM3,ETC->Endo,3
ARF1->CHRM3,ETC->ETC,6
ARF1->CHRM3,ETC->TAM,1
ARF1->CHRM3,TAM->CAF,1
ARF1->CHRM3,TAM->EMT,1
ARF1->CHRM3,TAM->Endo,3
ARF1->CHRM3,TAM->ETC,6
ARF1->CHRM3,TAM->TAM,1
ARF1->CHRM3,TIL->CAF,1
ARF1->CHRM3,TIL->EMT,1
ARF1->CHRM3,TIL->Endo,3
ARF1->CHRM3,TIL->ETC,5
ARF1->CHRM3,TIL->TAM,1
ARF1->PLD2,CAF->CAF,7
ARF1->PLD2,CAF->DC,4
ARF1->PLD2,CAF->EMT,2
ARF1->PLD2,CAF->Endo,4
ARF1->PLD2,CAF->ETC,9
ARF1->PLD2,CAF->TAM,7
ARF1->PLD2,CAF->TIL,1
ARF1->PLD2,DC->CAF,7
ARF1->PLD2,DC->DC,4
ARF1->PLD2,DC->EMT,2
ARF1->PLD2,DC->Endo,4
ARF1->PLD2,DC->ETC,8
ARF1->PLD2,DC->TAM,7
ARF1->PLD2,DC->TIL,1
ARF1->PLD2,EMT->CAF,1
ARF1->PLD2,EMT->EMT,2
ARF1->PLD2,EMT->ETC,2
ARF1->PLD2,EMT->TAM,1
ARF1->PLD2,Endo->CAF,6
ARF1->PLD2,Endo->DC,4
ARF1->PLD2,Endo->EMT,2
ARF1->PLD2,Endo->Endo,4
ARF1->PLD2,Endo->ETC,6
ARF1->PLD2,Endo->TAM,6
ARF1->PLD2,Endo->TIL,1
ARF1->PLD2,ETC->CAF,7
ARF1->PLD2,ETC->DC,4
ARF1->PLD2,ETC->EMT,2
ARF1->PLD2,ETC->Endo,4
ARF1->PLD2,ETC->ETC,9
ARF1->PLD2,ETC->TAM,7
ARF1->PLD2,ETC->TIL,1
ARF1->PLD2,TAM->CAF,7
ARF1->PLD2,TAM->DC,4
ARF1->PLD2,TAM->EMT,2
ARF1->PLD2,TAM->Endo,4
ARF1->PLD2,TAM->ETC,8
ARF1->PLD2,TAM->TAM,7
ARF1->PLD2,TAM->TIL,1
ARF1->PLD2,TIL->CAF,6
ARF1->PLD2,TIL->DC,4
ARF1->PLD2,TIL->EMT,2
ARF1->PLD2,TIL->Endo,4
ARF1->PLD2,TIL->ETC,7
ARF1->PLD2,TIL->TAM,6
ARF1->PLD2,TIL->TIL,1
ARTN->GFRA1,CAF->CAF,3
ARTN->GFRA1,CAF->DC,1
ARTN->GFRA1,CAF->Endo,1
ARTN->GFRA1,CAF->ETC,2
ARTN->GFRA1,ETC->CAF,5
ARTN->GFRA1,ETC->DC,1
ARTN->GFRA1,ETC->Endo,1
ARTN->GFRA1,ETC->ETC,3
ARTN->RET,CAF->CAF,4
ARTN->RET,CAF->DC,1
ARTN->RET,CAF->Endo,1
ARTN->RET,CAF->ETC,1
ARTN->RET,CAF->TAM,1
ARTN->RET,EMT->CAF,1
ARTN->RET,EMT->Endo,1
ARTN->RET,Endo->CAF,1
ARTN->RET,Endo->Endo,1
ARTN->RET,ETC->CAF,3
ARTN->RET,ETC->DC,1
ARTN->RET,ETC->ETC,1
ARTN->RET,ETC->TAM,3
BDNF->SORT1,CAF->CAF,5
BDNF->SORT1,CAF->DC,4
BDNF->SORT1,CAF->EMT,2
BDNF->SORT1,CAF->Endo,5
BDNF->SORT1,CAF->ETC,5
BDNF->SORT1,CAF->TAM,4
BDNF->SORT1,EMT->CAF,2
BDNF->SORT1,EMT->DC,1
BDNF->SORT1,EMT->EMT,2
BDNF->SORT1,EMT->Endo,2
BDNF->SORT1,EMT->ETC,2
BDNF->SORT1,EMT->TAM,1
BDNF->SORT1,Endo->CAF,1
BDNF->SORT1,Endo->EMT,1
BDNF->SORT1,Endo->Endo,1
BDNF->SORT1,Endo->ETC,1
BDNF->SORT1,Endo->TAM,1
BDNF->SORT1,ETC->CAF,5
BDNF->SORT1,ETC->DC,4
BDNF->SORT1,ETC->EMT,2
BDNF->SORT1,ETC->Endo,3
BDNF->SORT1,ETC->ETC,5
BDNF->SORT1,ETC->TAM,3
BMP8A->ACVR2A,CAF->CAF,7
BMP8A->ACVR2A,CAF->DC,5
BMP8A->ACVR2A,CAF->EMT,2
BMP8A->ACVR2A,CAF->Endo,4
BMP8A->ACVR2A,CAF->ETC,6
BMP8A->ACVR2A,CAF->TAM,4
BMP8A->ACVR2A,CAF->TIL,1
BMP8A->ACVR2A,EMT->CAF,1
BMP8A->ACVR2A,EMT->EMT,1
BMP8A->ACVR2A,EMT->ETC,1
BMP8A->ACVR2A,ETC->CAF,1
BMP8A->ACVR2A,ETC->DC,1
BMP8A->ACVR2A,ETC->Endo,1
BMP8A->ACVR2A,ETC->ETC,1
BMP8A->ACVR2A,ETC->TAM,1
BMP8A->ACVR2A,ETC->TIL,1
C1QB->LRP1,CAF->CAF,8
C1QB->LRP1,CAF->DC,4
C1QB->LRP1,CAF->EMT,1
C1QB->LRP1,CAF->Endo,5
C1QB->LRP1,CAF->ETC,7
C1QB->LRP1,CAF->TAM,7
C1QB->LRP1,CAF->TIL,2
C1QB->LRP1,DC->CAF,7
C1QB->LRP1,DC->DC,5
C1QB->LRP1,DC->EMT,1
C1QB->LRP1,DC->Endo,5
C1QB->LRP1,DC->ETC,8
C1QB->LRP1,DC->TAM,8
C1QB->LRP1,DC->TIL,2
C1QB->LRP1,EMT->CAF,2
C1QB->LRP1,EMT->EMT,2
C1QB->LRP1,EMT->Endo,2
C1QB->LRP1,EMT->ETC,1
C1QB->LRP1,EMT->TAM,2
C1QB->LRP1,Endo->CAF,5
C1QB->LRP1,Endo->DC,2
C1QB->LRP1,Endo->EMT,1
C1QB->LRP1,Endo->Endo,4
C1QB->LRP1,Endo->ETC,4
C1QB->LRP1,Endo->TAM,5
C1QB->LRP1,Endo->TIL,2
C1QB->LRP1,ETC->CAF,8
C1QB->LRP1,ETC->DC,5
C1QB->LRP1,ETC->EMT,1
C1QB->LRP1,ETC->Endo,5
C1QB->LRP1,ETC->ETC,8
C1QB->LRP1,ETC->TAM,8
C1QB->LRP1,ETC->TIL,2
C1QB->LRP1,TAM->CAF,8
C1QB->LRP1,TAM->DC,5
C1QB->LRP1,TAM->EMT,2
C1QB->LRP1,TAM->Endo,6
C1QB->LRP1,TAM->ETC,8
C1QB->LRP1,TAM->TAM,9
C1QB->LRP1,TAM->TIL,2
C1QB->LRP1,TIL->CAF,3
C1QB->LRP1,TIL->DC,2
C1QB->LRP1,TIL->Endo,2
C1QB->LRP1,TIL->ETC,3
C1QB->LRP1,TIL->TAM,3
C1QB->LRP1,TIL->TIL,2
C4BPA->LRP1,CAF->CAF,1
C4BPA->LRP1,CAF->DC,1
C4BPA->LRP1,CAF->Endo,1
C4BPA->LRP1,CAF->ETC,1
C4BPA->LRP1,CAF->TAM,1
C4BPA->LRP1,DC->CAF,1
C4BPA->LRP1,DC->DC,2
C4BPA->LRP1,DC->Endo,1
C4BPA->LRP1,DC->ETC,2
C4BPA->LRP1,DC->TAM,2
C4BPA->LRP1,EMT->CAF,1
C4BPA->LRP1,EMT->EMT,1
C4BPA->LRP1,EMT->Endo,1
C4BPA->LRP1,EMT->TAM,1
C4BPA->LRP1,Endo->CAF,1
C4BPA->LRP1,Endo->DC,1
C4BPA->LRP1,Endo->Endo,1
C4BPA->LRP1,Endo->ETC,1
C4BPA->LRP1,Endo->TAM,1
C4BPA->LRP1,ETC->CAF,9
C4BPA->LRP1,ETC->DC,5
C4BPA->LRP1,ETC->EMT,2
C4BPA->LRP1,ETC->Endo,6
C4BPA->LRP1,ETC->ETC,9
C4BPA->LRP1,ETC->TAM,9
C4BPA->LRP1,ETC->TIL,2
CALCA->RAMP2,CAF->CAF,2
CALCA->RAMP2,CAF->Endo,1
CALCA->RAMP2,CAF->ETC,2
CALCA->RAMP2,CAF->TAM,1
CALCA->RAMP2,ETC->CAF,2
CALCA->RAMP2,ETC->Endo,2
CALCA->RAMP2,ETC->ETC,2
CALCA->RAMP2,ETC->TAM,2
CALCA->RAMP2,TAM->CAF,1
CALCA->RAMP2,TAM->DC,1
CALCA->RAMP2,TAM->Endo,1
CALCA->RAMP2,TAM->ETC,1
CALCA->RAMP2,TAM->TAM,1
CCL11->CCR5,CAF->CAF,3
CCL11->CCR5,CAF->DC,4
CCL11->CCR5,CAF->EMT,1
CCL11->CCR5,CAF->Endo,1
CCL11->CCR5,CAF->ETC,4
CCL11->CCR5,CAF->TAM,8
CCL11->CCR5,CAF->TIL,2
CCL11->CCR5,EMT->EMT,1
CCL11->CCR5,EMT->TAM,2
CCL11->CCR5,Endo->CAF,1
CCL11->CCR5,Endo->DC,1
CCL11->CCR5,Endo->EMT,1
CCL11->CCR5,Endo->Endo,1
CCL11->CCR5,Endo->ETC,1
CCL11->CCR5,Endo->TAM,2
CCL11->CCR5,ETC->CAF,3
CCL11->CCR5,ETC->DC,3
CCL11->CCR5,ETC->Endo,1
CCL11->CCR5,ETC->ETC,4
CCL11->CCR5,ETC->TAM,5
CCL11->CCR5,ETC->TIL,1
CCL11->CCR5,TAM->CAF,2
CCL11->CCR5,TAM->DC,1
CCL11->CCR5,TAM->ETC,2
CCL11->CCR5,TAM->TAM,3
CCL11->CCR5,TAM->TIL,1
CCL16->CCR5,Endo->TAM,1
CCL24->CCR2,EMT->TAM,1
CCL24->CCR2,TAM->DC,1
CCL24->CCR2,TAM->TAM,1
CCL24->CCR2,TAM->TIL,1
CCL3L1->CCR5,CAF->CAF,2
CCL3L1->CCR5,CAF->DC,4
CCL3L1->CCR5,CAF->Endo,1
CCL3L1->CCR5,CAF->ETC,3
CCL3L1->CCR5,CAF->TAM,5
CCL3L1->CCR5,CAF->TIL,2
CCL3L1->CCR5,DC->CAF,2
CCL3L1->CCR5,DC->DC,4
CCL3L1->CCR5,DC->Endo,1
CCL3L1->CCR5,DC->ETC,3
CCL3L1->CCR5,DC->TAM,4
CCL3L1->CCR5,DC->TIL,2
CCL3L1->CCR5,EMT->EMT,1
CCL3L1->CCR5,EMT->TAM,1
CCL3L1->CCR5,ETC->CAF,1
CCL3L1->CCR5,ETC->DC,2
CCL3L1->CCR5,ETC->ETC,1
CCL3L1->CCR5,ETC->TAM,3
CCL3L1->CCR5,ETC->TIL,2
CCL3L1->CCR5,TAM->CAF,3
CCL3L1->CCR5,TAM->DC,5
CCL3L1->CCR5,TAM->EMT,1
CCL3L1->CCR5,TAM->Endo,1
CCL3L1->CCR5,TAM->ETC,5
CCL3L1->CCR5,TAM->TAM,8
CCL3L1->CCR5,TAM->TIL,3
CCL3L1->CCR5,TIL->CAF,1
CCL3L1->CCR5,TIL->DC,1
CCL3L1->CCR5,TIL->ETC,1
CCL3L1->CCR5,TIL->TAM,1
CCL3L1->CCR5,TIL->TIL,1
CCL4L1->CCR5,CAF->CAF,1
CCL4L1->CCR5,CAF->DC,1
CCL4L1->CCR5,CAF->EMT,1
CCL4L1->CCR5,CAF->ETC,1
CCL4L1->CCR5,CAF->TAM,2
CCL4L1->CCR5,CAF->TIL,1
CCL4L1->CCR5,DC->DC,1
CCL4L1->CCR5,DC->EMT,1
CCL4L1->CCR5,DC->ETC,1
CCL4L1->CCR5,DC->TAM,2
CCL4L1->CCR5,ETC->DC,1
CCL4L1->CCR5,ETC->ETC,1
CCL4L1->CCR5,ETC->TAM,1
CCL4L1->CCR5,TAM->CAF,3
CCL4L1->CCR5,TAM->DC,5
CCL4L1->CCR5,TAM->Endo,1
CCL4L1->CCR5,TAM->ETC,5
CCL4L1->CCR5,TAM->TAM,6
CCL4L1->CCR5,TAM->TIL,3
CNTN1->NOTCH1,CAF->CAF,8
CNTN1->NOTCH1,CAF->DC,4
CNTN1->NOTCH1,CAF->EMT,1
CNTN1->NOTCH1,CAF->Endo,6
CNTN1->NOTCH1,CAF->ETC,8
CNTN1->NOTCH1,CAF->TAM,6
CNTN1->NOTCH1,CAF->TIL,2
CNTN1->NOTCH1,DC->CAF,1
CNTN1->NOTCH1,DC->DC,1
CNTN1->NOTCH1,DC->Endo,1
CNTN1->NOTCH1,DC->ETC,1
CNTN1->NOTCH1,DC->TAM,1
CNTN1->NOTCH1,DC->TIL,1
CNTN1->NOTCH1,ETC->CAF,4
CNTN1->NOTCH1,ETC->DC,2
CNTN1->NOTCH1,ETC->Endo,3
CNTN1->NOTCH1,ETC->ETC,4
CNTN1->NOTCH1,ETC->TAM,4
CNTN1->NOTCH1,ETC->TIL,1
CNTN1->NOTCH1,TAM->CAF,4
CNTN1->NOTCH1,TAM->DC,3
CNTN1->NOTCH1,TAM->EMT,1
CNTN1->NOTCH1,TAM->Endo,4
CNTN1->NOTCH1,TAM->ETC,4
CNTN1->NOTCH1,TAM->TAM,3
CNTN1->NOTCH1,TAM->TIL,2
CNTN1->NOTCH1,TIL->CAF,1
CNTN1->NOTCH1,TIL->DC,1
CNTN1->NOTCH1,TIL->Endo,1
CNTN1->NOTCH1,TIL->ETC,1
CNTN1->NOTCH1,TIL->TAM,1
CNTN1->NOTCH1,TIL->TIL,1
CORT->SSTR1,CAF->CAF,1
CORT->SSTR1,CAF->ETC,1
CORT->SSTR1,ETC->CAF,1
CORT->SSTR1,ETC->DC,1
CORT->SSTR1,ETC->ETC,1
CXCL14->CXCR4,CAF->CAF,8
CXCL14->CXCR4,CAF->DC,8
CXCL14->CXCR4,CAF->EMT,2
CXCL14->CXCR4,CAF->Endo,7
CXCL14->CXCR4,CAF->ETC,9
CXCL14->CXCR4,CAF->TAM,7
CXCL14->CXCR4,CAF->TIL,8
CXCL14->CXCR4,DC->CAF,6
CXCL14->CXCR4,DC->DC,6
CXCL14->CXCR4,DC->EMT,1
CXCL14->CXCR4,DC->Endo,5
CXCL14->CXCR4,DC->ETC,6
CXCL14->CXCR4,DC->TAM,5
CXCL14->CXCR4,DC->TIL,6
CXCL14->CXCR4,EMT->CAF,1
CXCL14->CXCR4,EMT->DC,1
CXCL14->CXCR4,EMT->EMT,1
CXCL14->CXCR4,EMT->Endo,1
CXCL14->CXCR4,EMT->ETC,1
CXCL14->CXCR4,EMT->TAM,1
CXCL14->CXCR4,EMT->TIL,1
CXCL14->CXCR4,Endo->CAF,4
CXCL14->CXCR4,Endo->DC,4
CXCL14->CXCR4,Endo->Endo,4
CXCL14->CXCR4,Endo->ETC,4
CXCL14->CXCR4,Endo->TAM,4
CXCL14->CXCR4,Endo->TIL,4
CXCL14->CXCR4,ETC->CAF,7
CXCL14->CXCR4,ETC->DC,7
CXCL14->CXCR4,ETC->EMT,1
CXCL14->CXCR4,ETC->Endo,6
CXCL14->CXCR4,ETC->ETC,8
CXCL14->CXCR4,ETC->TAM,6
CXCL14->CXCR4,ETC->TIL,7
CXCL14->CXCR4,TAM->CAF,6
CXCL14->CXCR4,TAM->DC,6
CXCL14->CXCR4,TAM->Endo,5
CXCL14->CXCR4,TAM->ETC,6
CXCL14->CXCR4,TAM->TAM,6
CXCL14->CXCR4,TAM->TIL,6
CXCL14->CXCR4,TIL->CAF,2
CXCL14->CXCR4,TIL->DC,2
CXCL14->CXCR4,TIL->Endo,2
CXCL14->CXCR4,TIL->ETC,2
CXCL14->CXCR4,TIL->TAM,2
CXCL14->CXCR4,TIL->TIL,2
CXCL16->CXCR6,CAF->CAF,4
CXCL16->CXCR6,CAF->ETC,5
CXCL16->CXCR6,CAF->TAM,2
CXCL16->CXCR6,CAF->TIL,5
CXCL16->CXCR6,DC->CAF,4
CXCL16->CXCR6,DC->DC,1
CXCL16->CXCR6,DC->EMT,1
CXCL16->CXCR6,DC->ETC,5
CXCL16->CXCR6,DC->TAM,2
CXCL16->CXCR6,DC->TIL,7
CXCL16->CXCR6,EMT->EMT,1
CXCL16->CXCR6,EMT->TIL,1
CXCL16->CXCR6,Endo->CAF,3
CXCL16->CXCR6,Endo->ETC,3
CXCL16->CXCR6,Endo->TAM,2
CXCL16->CXCR6,Endo->TIL,4
CXCL16->CXCR6,ETC->CAF,4
CXCL16->CXCR6,ETC->DC,1
CXCL16->CXCR6,ETC->EMT,1
CXCL16->CXCR6,ETC->ETC,5
CXCL16->CXCR6,ETC->TAM,2
CXCL16->CXCR6,ETC->TIL,7
CXCL16->CXCR6,TAM->CAF,4
CXCL16->CXCR6,TAM->DC,1
CXCL16->CXCR6,TAM->ETC,5
CXCL16->CXCR6,TAM->TAM,2
CXCL16->CXCR6,TAM->TIL,6
CXCL16->CXCR6,TIL->CAF,2
CXCL16->CXCR6,TIL->EMT,1
CXCL16->CXCR6,TIL->ETC,2
CXCL16->CXCR6,TIL->TAM,1
CXCL16->CXCR6,TIL->TIL,4
DHH->BOC,CAF->CAF,2
DHH->BOC,CAF->Endo,2
DHH->BOC,CAF->ETC,2
DHH->BOC,Endo->CAF,3
DHH->BOC,Endo->DC,1
DHH->BOC,Endo->EMT,1
DHH->BOC,Endo->Endo,1
DHH->BOC,Endo->ETC,2
DHH->BOC,Endo->TAM,1
DHH->BOC,ETC->CAF,1
DHH->BOC,ETC->Endo,1
DHH->BOC,ETC->ETC,1
DHH->PTCH1,CAF->CAF,2
DHH->PTCH1,CAF->DC,1
DHH->PTCH1,CAF->Endo,2
DHH->PTCH1,CAF->ETC,2
DHH->PTCH1,CAF->TAM,2
DHH->PTCH1,Endo->CAF,3
DHH->PTCH1,Endo->EMT,1
DHH->PTCH1,Endo->Endo,2
DHH->PTCH1,Endo->ETC,2
DHH->PTCH1,Endo->TAM,1
DHH->PTCH1,ETC->CAF,1
DHH->PTCH1,ETC->DC,1
DHH->PTCH1,ETC->Endo,1
DHH->PTCH1,ETC->ETC,1
DHH->PTCH1,ETC->TAM,1
DHH->PTCH2,CAF->CAF,2
DHH->PTCH2,CAF->DC,1
DHH->PTCH2,CAF->Endo,1
DHH->PTCH2,CAF->ETC,2
DHH->PTCH2,Endo->CAF,3
DHH->PTCH2,Endo->DC,2
DHH->PTCH2,Endo->EMT,1
DHH->PTCH2,Endo->Endo,2
DHH->PTCH2,Endo->ETC,2
DHH->PTCH2,Endo->TAM,1
DHH->PTCH2,ETC->CAF,1
DHH->PTCH2,ETC->ETC,1
EDN3->EDNRB,CAF->CAF,4
EDN3->EDNRB,CAF->DC,1
EDN3->EDNRB,CAF->Endo,4
EDN3->EDNRB,CAF->ETC,3
EDN3->EDNRB,CAF->TAM,4
EDN3->EDNRB,ETC->CAF,5
EDN3->EDNRB,ETC->DC,1
EDN3->EDNRB,ETC->EMT,1
EDN3->EDNRB,ETC->Endo,4
EDN3->EDNRB,ETC->ETC,3
EDN3->EDNRB,ETC->TAM,3
EDN3->EDNRB,TAM->CAF,1
EDN3->EDNRB,TAM->ETC,1
EDN3->EDNRB,TAM->TAM,1
EDN3->EDNRB,TIL->CAF,1
EDN3->EDNRB,TIL->ETC,1
EDN3->EDNRB,TIL->TAM,1
FGF1->FGFR4,CAF->CAF,7
FGF1->FGFR4,CAF->DC,1
FGF1->FGFR4,CAF->EMT,2
FGF1->FGFR4,CAF->Endo,2
FGF1->FGFR4,CAF->ETC,9
FGF1->FGFR4,CAF->TAM,3
FGF1->FGFR4,EMT->CAF,2
FGF1->FGFR4,EMT->EMT,2
FGF1->FGFR4,EMT->Endo,1
FGF1->FGFR4,EMT->ETC,3
FGF1->FGFR4,Endo->CAF,3
FGF1->FGFR4,Endo->DC,1
FGF1->FGFR4,Endo->EMT,1
FGF1->FGFR4,Endo->Endo,2
FGF1->FGFR4,Endo->ETC,3
FGF1->FGFR4,Endo->TAM,1
FGF1->FGFR4,ETC->CAF,5
FGF1->FGFR4,ETC->DC,1
FGF1->FGFR4,ETC->Endo,1
FGF1->FGFR4,ETC->ETC,6
FGF1->FGFR4,ETC->TAM,3
FGF1->FGFR4,TAM->CAF,1
FGF1->FGFR4,TAM->ETC,2
FGF1->FGFR4,TAM->TAM,2
FGF16->FGFR4,CAF->CAF,1
FGF16->FGFR4,CAF->ETC,1
FGF16->FGFR4,ETC->CAF,1
FGF16->FGFR4,ETC->EMT,1
FGF16->FGFR4,ETC->Endo,1
FGF16->FGFR4,ETC->ETC,1
FGF17->FGFR4,Endo->CAF,1
FGF17->FGFR4,Endo->ETC,1
FGF17->FGFR4,ETC->CAF,3
FGF17->FGFR4,ETC->ETC,3
FGF17->FGFR4,ETC->TAM,1
FGF17->FGFR4,TAM->CAF,1
FGF17->FGFR4,TAM->ETC,1
FGF17->FGFR4,TAM->TAM,1
FGF18->FGFR4,CAF->CAF,7
FGF18->FGFR4,CAF->DC,1
FGF18->FGFR4,CAF->EMT,2
FGF18->FGFR4,CAF->Endo,2
FGF18->FGFR4,CAF->ETC,9
FGF18->FGFR4,CAF->TAM,3
FGF18->FGFR4,DC->CAF,4
FGF18->FGFR4,DC->DC,1
FGF18->FGFR4,DC->EMT,1
FGF18->FGFR4,DC->Endo,1
FGF18->FGFR4,DC->ETC,5
FGF18->FGFR4,DC->TAM,2
FGF18->FGFR4,EMT->CAF,1
FGF18->FGFR4,EMT->EMT,2
FGF18->FGFR4,EMT->Endo,1
FGF18->FGFR4,EMT->ETC,2
FGF18->FGFR4,Endo->CAF,3
FGF18->FGFR4,Endo->DC,1
FGF18->FGFR4,Endo->Endo,1
FGF18->FGFR4,Endo->ETC,4
FGF18->FGFR4,Endo->TAM,2
FGF18->FGFR4,ETC->CAF,6
FGF18->FGFR4,ETC->DC,2
FGF18->FGFR4,ETC->EMT,2
FGF18->FGFR4,ETC->Endo,2
FGF18->FGFR4,ETC->ETC,9
FGF18->FGFR4,ETC->TAM,3
FGF18->FGFR4,TAM->CAF,6
FGF18->FGFR4,TAM->DC,1
FGF18->FGFR4,TAM->EMT,1
FGF18->FGFR4,TAM->Endo,2
FGF18->FGFR4,TAM->ETC,7
FGF18->FGFR4,TAM->TAM,3
FGF18->FGFR4,TIL->DC,1
FGF18->FGFR4,TIL->ETC,1
FGF19->FGFR4,CAF->CAF,4
FGF19->FGFR4,CAF->DC,1
FGF19->FGFR4,CAF->Endo,1
FGF19->FGFR4,CAF->ETC,4
FGF19->FGFR4,CAF->TAM,1
FGF19->FGFR4,DC->EMT,1
FGF19->FGFR4,DC->ETC,1
FGF19->FGFR4,EMT->CAF,1
FGF19->FGFR4,EMT->EMT,2
FGF19->FGFR4,EMT->Endo,1
FGF19->FGFR4,EMT->ETC,2
FGF19->FGFR4,Endo->CAF,1
FGF19->FGFR4,Endo->DC,1
FGF19->FGFR4,Endo->Endo,1
FGF19->FGFR4,Endo->ETC,1
FGF19->FGFR4,Endo->TAM,1
FGF19->FGFR4,ETC->CAF,4
FGF19->FGFR4,ETC->DC,2
FGF19->FGFR4,ETC->EMT,1
FGF19->FGFR4,ETC->Endo,1
FGF19->FGFR4,ETC->ETC,7
FGF19->FGFR4,ETC->TAM,3
FGF19->FGFR4,TAM->ETC,1
FGF19->FGFR4,TAM->TAM,1
FGF20->FGFR4,CAF->CAF,1
FGF20->FGFR4,CAF->ETC,1
FGF20->FGFR4,EMT->CAF,1
FGF20->FGFR4,EMT->EMT,1
FGF20->FGFR4,EMT->Endo,1
FGF20->FGFR4,EMT->ETC,1
FGF20->FGFR4,ETC->CAF,6
FGF20->FGFR4,ETC->DC,2
FGF20->FGFR4,ETC->Endo,1
FGF20->FGFR4,ETC->ETC,8
FGF20->FGFR4,ETC->TAM,3
FGF21->FGFR4,EMT->EMT,1
FGF21->FGFR4,EMT->ETC,1
FGF23->FGFR4,TIL->CAF,1
FGF23->FGFR4,TIL->DC,1
FGF23->FGFR4,TIL->ETC,2
FGF23->FGFR4,TIL->TAM,1
FGF3->FGFR4,CAF->CAF,1
FGF3->FGFR4,CAF->DC,1
FGF3->FGFR4,CAF->Endo,1
FGF3->FGFR4,CAF->ETC,1
FGF3->FGFR4,CAF->TAM,1
FGF5->FGFR4,CAF->CAF,3
FGF5->FGFR4,CAF->DC,1
FGF5->FGFR4,CAF->Endo,1
FGF5->FGFR4,CAF->ETC,4
FGF5->FGFR4,CAF->TAM,3
FGF5->FGFR4,DC->CAF,1
FGF5->FGFR4,DC->DC,1
FGF5->FGFR4,DC->Endo,1
FGF5->FGFR4,DC->ETC,1
FGF5->FGFR4,DC->TAM,1
FGF5->FGFR4,EMT->CAF,1
FGF5->FGFR4,EMT->EMT,1
FGF5->FGFR4,EMT->Endo,1
FGF5->FGFR4,EMT->ETC,1
FGF5->FGFR4,ETC->CAF,2
FGF5->FGFR4,ETC->DC,1
FGF5->FGFR4,ETC->Endo,1
FGF5->FGFR4,ETC->ETC,2
FGF5->FGFR4,ETC->TAM,1
FGF7->FGFR2,CAF->CAF,6
FGF7->FGFR2,CAF->DC,1
FGF7->FGFR2,CAF->EMT,1
FGF7->FGFR2,CAF->Endo,2
FGF7->FGFR2,CAF->ETC,8
FGF7->FGFR2,CAF->TAM,4
FGF7->FGFR2,DC->CAF,2
FGF7->FGFR2,DC->DC,1
FGF7->FGFR2,DC->Endo,1
FGF7->FGFR2,DC->ETC,2
FGF7->FGFR2,DC->TAM,1
FGF7->FGFR2,EMT->EMT,1
FGF7->FGFR2,EMT->ETC,1
FGF7->FGFR2,Endo->CAF,3
FGF7->FGFR2,Endo->DC,1
FGF7->FGFR2,Endo->EMT,1
FGF7->FGFR2,Endo->Endo,2
FGF7->FGFR2,Endo->ETC,3
FGF7->FGFR2,Endo->TAM,2
FGF7->FGFR2,ETC->CAF,6
FGF7->FGFR2,ETC->DC,1
FGF7->FGFR2,ETC->Endo,2
FGF7->FGFR2,ETC->ETC,7
FGF7->FGFR2,ETC->TAM,4
FGF7->FGFR2,TAM->CAF,4
FGF7->FGFR2,TAM->DC,1
FGF7->FGFR2,TAM->Endo,2
FGF7->FGFR2,TAM->ETC,4
FGF7->FGFR2,TAM->TAM,4
FGF7->FGFR2,TIL->CAF,1
FGF7->FGFR2,TIL->ETC,1
FGF7->FGFR2,TIL->TAM,1
FGF8->FGFR4,TAM->CAF,1
FGF8->FGFR4,TAM->ETC,1
FGF9->FGFR4,CAF->CAF,7
FGF9->FGFR4,CAF->DC,1
FGF9->FGFR4,CAF->EMT,1
FGF9->FGFR4,CAF->Endo,2
FGF9->FGFR4,CAF->ETC,8
FGF9->FGFR4,CAF->TAM,3
FGF9->FGFR4,EMT->CAF,1
FGF9->FGFR4,EMT->EMT,1
FGF9->FGFR4,EMT->Endo,1
FGF9->FGFR4,EMT->ETC,1
FGF9->FGFR4,ETC->CAF,5
FGF9->FGFR4,ETC->DC,2
FGF9->FGFR4,ETC->EMT,1
FGF9->FGFR4,ETC->Endo,2
FGF9->FGFR4,ETC->ETC,7
FGF9->FGFR4,ETC->TAM,2
FGF9->FGFR4,TAM->CAF,2
FGF9->FGFR4,TAM->EMT,1
FGF9->FGFR4,TAM->Endo,1
FGF9->FGFR4,TAM->ETC,2
FGF9->FGFR4,TAM->TAM,1
GDF3->TDGF1,DC->ETC,1
GDF3->TDGF1,Endo->ETC,1
GDF3->TDGF1,ETC->ETC,1
GDF5->ROR2,CAF->CAF,3
GDF5->ROR2,CAF->ETC,3
GDF5->ROR2,CAF->TAM,1
GDF5->ROR2,CAF->TIL,1
GDF5->ROR2,EMT->CAF,2
GDF5->ROR2,EMT->EMT,2
GDF5->ROR2,EMT->Endo,1
GDF5->ROR2,EMT->ETC,1
GDF5->ROR2,ETC->CAF,2
GDF5->ROR2,ETC->ETC,2
GDF5->ROR2,ETC->TAM,1
GDF5->ROR2,ETC->TIL,1
GDNF->GFRA1,CAF->CAF,6
GDNF->GFRA1,CAF->DC,1
GDNF->GFRA1,CAF->Endo,1
GDNF->GFRA1,CAF->ETC,3
GDNF->GFRA1,DC->CAF,1
GDNF->GFRA1,DC->ETC,1
GDNF->GFRA1,Endo->CAF,1
GDNF->GFRA1,ETC->CAF,3
GDNF->GFRA1,ETC->DC,1
GDNF->GFRA1,ETC->ETC,2
GPC3->CD81,CAF->CAF,9
GPC3->CD81,CAF->DC,7
GPC3->CD81,CAF->EMT,2
GPC3->CD81,CAF->Endo,7
GPC3->CD81,CAF->ETC,9
GPC3->CD81,CAF->TAM,8
GPC3->CD81,CAF->TIL,3
GPC3->CD81,DC->CAF,1
GPC3->CD81,DC->DC,1
GPC3->CD81,DC->Endo,1
GPC3->CD81,DC->ETC,1
GPC3->CD81,DC->TAM,1
GPC3->CD81,EMT->CAF,2
GPC3->CD81,EMT->EMT,1
GPC3->CD81,EMT->Endo,1
GPC3->CD81,EMT->ETC,2
GPC3->CD81,EMT->TAM,1
GPC3->CD81,EMT->TIL,1
GPC3->CD81,Endo->CAF,3
GPC3->CD81,Endo->DC,2
GPC3->CD81,Endo->EMT,1
GPC3->CD81,Endo->Endo,3
GPC3->CD81,Endo->ETC,3
GPC3->CD81,Endo->TAM,3
GPC3->CD81,Endo->TIL,1
GPC3->CD81,ETC->CAF,7
GPC3->CD81,ETC->DC,5
GPC3->CD81,ETC->EMT,1
GPC3->CD81,ETC->Endo,5
GPC3->CD81,ETC->ETC,7
GPC3->CD81,ETC->TAM,6
GPC3->CD81,ETC->TIL,2
GPC3->CD81,TAM->CAF,2
GPC3->CD81,TAM->DC,2
GPC3->CD81,TAM->Endo,2
GPC3->CD81,TAM->ETC,2
GPC3->CD81,TAM->TAM,2
GPC3->CD81,TAM->TIL,1
GPC3->CD81,TIL->CAF,1
GPC3->CD81,TIL->DC,1
GPC3->CD81,TIL->Endo,1
GPC3->CD81,TIL->ETC,1
GPC3->CD81,TIL->TAM,1
GPC3->CD81,TIL->TIL,1
GZMB->CHRM3,CAF->CAF,1
GZMB->CHRM3,CAF->EMT,1
GZMB->CHRM3,CAF->Endo,3
GZMB->CHRM3,CAF->ETC,4
GZMB->CHRM3,CAF->TAM,1
GZMB->CHRM3,DC->Endo,1
GZMB->CHRM3,DC->ETC,3
GZMB->CHRM3,EMT->CAF,1
GZMB->CHRM3,EMT->EMT,1
GZMB->CHRM3,EMT->Endo,1
GZMB->CHRM3,Endo->Endo,1
GZMB->CHRM3,Endo->ETC,1
GZMB->CHRM3,ETC->Endo,2
GZMB->CHRM3,ETC->ETC,5
GZMB->CHRM3,ETC->TAM,1
GZMB->CHRM3,TAM->CAF,1
GZMB->CHRM3,TAM->EMT,1
GZMB->CHRM3,TAM->Endo,3
GZMB->CHRM3,TAM->ETC,4
GZMB->CHRM3,TAM->TAM,1
GZMB->CHRM3,TIL->Endo,1
GZMB->CHRM3,TIL->ETC,4
GZMB->CHRM3,TIL->TAM,1
ICOS->ICOSLG,CAF->CAF,5
ICOS->ICOSLG,CAF->DC,5
ICOS->ICOSLG,CAF->Endo,3
ICOS->ICOSLG,CAF->ETC,4
ICOS->ICOSLG,CAF->TAM,5
ICOS->ICOSLG,CAF->TIL,1
ICOS->ICOSLG,DC->CAF,1
ICOS->ICOSLG,DC->DC,2
ICOS->ICOSLG,DC->ETC,2
ICOS->ICOSLG,DC->TAM,2
ICOS->ICOSLG,DC->TIL,2
ICOS->ICOSLG,EMT->CAF,2
ICOS->ICOSLG,EMT->DC,1
ICOS->ICOSLG,EMT->EMT,2
ICOS->ICOSLG,EMT->ETC,1
ICOS->ICOSLG,EMT->TAM,1
ICOS->ICOSLG,ETC->CAF,6
ICOS->ICOSLG,ETC->DC,6
ICOS->ICOSLG,ETC->Endo,4
ICOS->ICOSLG,ETC->ETC,5
ICOS->ICOSLG,ETC->TAM,6
ICOS->ICOSLG,ETC->TIL,1
ICOS->ICOSLG,TAM->CAF,4
ICOS->ICOSLG,TAM->DC,4
ICOS->ICOSLG,TAM->Endo,2
ICOS->ICOSLG,TAM->ETC,4
ICOS->ICOSLG,TAM->TAM,4
ICOS->ICOSLG,TAM->TIL,1
ICOS->ICOSLG,TIL->CAF,5
ICOS->ICOSLG,TIL->DC,5
ICOS->ICOSLG,TIL->EMT,1
ICOS->ICOSLG,TIL->Endo,3
ICOS->ICOSLG,TIL->ETC,4
ICOS->ICOSLG,TIL->TAM,5
ICOS->ICOSLG,TIL->TIL,2
ICOSLG->CD28,CAF->CAF,2
ICOSLG->CD28,CAF->DC,1
ICOSLG->CD28,CAF->EMT,2
ICOSLG->CD28,CAF->ETC,3
ICOSLG->CD28,CAF->TAM,6
ICOSLG->CD28,CAF->TIL,4
ICOSLG->CD28,DC->CAF,2
ICOSLG->CD28,DC->DC,2
ICOSLG->CD28,DC->EMT,1
ICOSLG->CD28,DC->ETC,3
ICOSLG->CD28,DC->TAM,6
ICOSLG->CD28,DC->TIL,4
ICOSLG->CD28,EMT->EMT,2
ICOSLG->CD28,EMT->TAM,1
ICOSLG->CD28,EMT->TIL,1
ICOSLG->CD28,Endo->CAF,2
ICOSLG->CD28,Endo->ETC,1
ICOSLG->CD28,Endo->TAM,3
ICOSLG->CD28,Endo->TIL,2
ICOSLG->CD28,ETC->CAF,1
ICOSLG->CD28,ETC->DC,2
ICOSLG->CD28,ETC->EMT,1
ICOSLG->CD28,ETC->ETC,3
ICOSLG->CD28,ETC->TAM,6
ICOSLG->CD28,ETC->TIL,3
ICOSLG->CD28,TAM->CAF,2
ICOSLG->CD28,TAM->DC,2
ICOSLG->CD28,TAM->EMT,1
ICOSLG->CD28,TAM->ETC,3
ICOSLG->CD28,TAM->TAM,6
ICOSLG->CD28,TAM->TIL,4
ICOSLG->CD28,TIL->DC,1
ICOSLG->CD28,TIL->ETC,1
ICOSLG->CD28,TIL->TAM,1
ICOSLG->CD28,TIL->TIL,2
ICOSLG->CTLA4,CAF->CAF,3
ICOSLG->CTLA4,CAF->DC,1
ICOSLG->CTLA4,CAF->EMT,2
ICOSLG->CTLA4,CAF->ETC,5
ICOSLG->CTLA4,CAF->TAM,4
ICOSLG->CTLA4,CAF->TIL,5
ICOSLG->CTLA4,DC->CAF,3
ICOSLG->CTLA4,DC->DC,2
ICOSLG->CTLA4,DC->EMT,1
ICOSLG->CTLA4,DC->ETC,5
ICOSLG->CTLA4,DC->TAM,4
ICOSLG->CTLA4,DC->TIL,5
ICOSLG->CTLA4,EMT->EMT,2
ICOSLG->CTLA4,EMT->TIL,1
ICOSLG->CTLA4,Endo->CAF,3
ICOSLG->CTLA4,Endo->DC,1
ICOSLG->CTLA4,Endo->ETC,3
ICOSLG->CTLA4,Endo->TAM,2
ICOSLG->CTLA4,Endo->TIL,2
ICOSLG->CTLA4,ETC->CAF,2
ICOSLG->CTLA4,ETC->DC,2
ICOSLG->CTLA4,ETC->EMT,1
ICOSLG->CTLA4,ETC->ETC,5
ICOSLG->CTLA4,ETC->TAM,3
ICOSLG->CTLA4,ETC->TIL,4
ICOSLG->CTLA4,TAM->CAF,3
ICOSLG->CTLA4,TAM->DC,2
ICOSLG->CTLA4,TAM->EMT,1
ICOSLG->CTLA4,TAM->ETC,5
ICOSLG->CTLA4,TAM->TAM,4
ICOSLG->CTLA4,TAM->TIL,5
ICOSLG->CTLA4,TIL->DC,1
ICOSLG->CTLA4,TIL->ETC,1
ICOSLG->CTLA4,TIL->TAM,1
ICOSLG->CTLA4,TIL->TIL,2
ICOSLG->ICOS,CAF->CAF,5
ICOSLG->ICOS,CAF->DC,1
ICOSLG->ICOS,CAF->EMT,2
ICOSLG->ICOS,CAF->ETC,6
ICOSLG->ICOS,CAF->TAM,4
ICOSLG->ICOS,CAF->TIL,5
ICOSLG->ICOS,DC->CAF,5
ICOSLG->ICOS,DC->DC,2
ICOSLG->ICOS,DC->EMT,1
ICOSLG->ICOS,DC->ETC,6
ICOSLG->ICOS,DC->TAM,4
ICOSLG->ICOS,DC->TIL,5
ICOSLG->ICOS,EMT->EMT,2
ICOSLG->ICOS,EMT->TIL,1
ICOSLG->ICOS,Endo->CAF,3
ICOSLG->ICOS,Endo->ETC,4
ICOSLG->ICOS,Endo->TAM,2
ICOSLG->ICOS,Endo->TIL,3
ICOSLG->ICOS,ETC->CAF,4
ICOSLG->ICOS,ETC->DC,2
ICOSLG->ICOS,ETC->EMT,1
ICOSLG->ICOS,ETC->ETC,5
ICOSLG->ICOS,ETC->TAM,4
ICOSLG->ICOS,ETC->TIL,4
ICOSLG->ICOS,TAM->CAF,5
ICOSLG->ICOS,TAM->DC,2
ICOSLG->ICOS,TAM->EMT,1
ICOSLG->ICOS,TAM->ETC,6
ICOSLG->ICOS,TAM->TAM,4
ICOSLG->ICOS,TAM->TIL,5
ICOSLG->ICOS,TIL->CAF,1
ICOSLG->ICOS,TIL->DC,2
ICOSLG->ICOS,TIL->ETC,1
ICOSLG->ICOS,TIL->TAM,1
ICOSLG->ICOS,TIL->TIL,2
IHH->BOC,CAF->CAF,3
IHH->BOC,CAF->Endo,1
IHH->BOC,CAF->ETC,2
IHH->BOC,DC->CAF,1
IHH->BOC,DC->Endo,1
IHH->BOC,DC->ETC,1
IHH->BOC,EMT->CAF,1
IHH->BOC,EMT->EMT,1
IHH->BOC,ETC->CAF,7
IHH->BOC,ETC->DC,1
IHH->BOC,ETC->EMT,1
IHH->BOC,ETC->Endo,3
IHH->BOC,ETC->ETC,6
IHH->BOC,ETC->TAM,1
IHH->BOC,TAM->CAF,1
IHH->BOC,TAM->DC,1
IHH->BOC,TAM->ETC,1
IHH->BOC,TAM->TAM,1
IHH->HHIP,CAF->CAF,3
IHH->HHIP,CAF->Endo,1
IHH->HHIP,CAF->ETC,3
IHH->HHIP,DC->CAF,1
IHH->HHIP,DC->ETC,1
IHH->HHIP,EMT->CAF,1
IHH->HHIP,ETC->CAF,6
IHH->HHIP,ETC->DC,1
IHH->HHIP,ETC->EMT,1
IHH->HHIP,ETC->Endo,1
IHH->HHIP,ETC->ETC,6
IHH->HHIP,TAM->CAF,1
IHH->HHIP,TAM->ETC,1
IHH->PTCH1,CAF->CAF,3
IHH->PTCH1,CAF->Endo,1
IHH->PTCH1,CAF->ETC,3
IHH->PTCH1,DC->CAF,1
IHH->PTCH1,DC->DC,1
IHH->PTCH1,DC->Endo,1
IHH->PTCH1,DC->ETC,1
IHH->PTCH1,DC->TAM,1
IHH->PTCH1,EMT->CAF,1
IHH->PTCH1,EMT->EMT,1
IHH->PTCH1,EMT->Endo,1
IHH->PTCH1,ETC->CAF,6
IHH->PTCH1,ETC->DC,1
IHH->PTCH1,ETC->EMT,1
IHH->PTCH1,ETC->Endo,3
IHH->PTCH1,ETC->ETC,8
IHH->PTCH1,ETC->TAM,2
IHH->PTCH1,TAM->CAF,1
IHH->PTCH1,TAM->ETC,1
IHH->PTCH2,CAF->CAF,3
IHH->PTCH2,CAF->DC,1
IHH->PTCH2,CAF->Endo,1
IHH->PTCH2,CAF->ETC,3
IHH->PTCH2,CAF->TAM,2
IHH->PTCH2,DC->CAF,1
IHH->PTCH2,DC->ETC,1
IHH->PTCH2,EMT->CAF,1
IHH->PTCH2,EMT->EMT,1
IHH->PTCH2,EMT->Endo,1
IHH->PTCH2,ETC->CAF,6
IHH->PTCH2,ETC->DC,3
IHH->PTCH2,ETC->EMT,1
IHH->PTCH2,ETC->Endo,2
IHH->PTCH2,ETC->ETC,7
IHH->PTCH2,ETC->TAM,3
IHH->PTCH2,TAM->CAF,1
IHH->PTCH2,TAM->DC,1
IHH->PTCH2,TAM->ETC,1
IHH->PTCH2,TAM->TAM,1
IL33->IL1RL1,CAF->CAF,6
IL33->IL1RL1,CAF->DC,3
IL33->IL1RL1,CAF->EMT,1
IL33->IL1RL1,CAF->Endo,2
IL33->IL1RL1,CAF->ETC,3
IL33->IL1RL1,CAF->TIL,1
IL33->IL1RL1,EMT->CAF,1
IL33->IL1RL1,EMT->EMT,1
IL33->IL1RL1,Endo->CAF,6
IL33->IL1RL1,Endo->DC,3
IL33->IL1RL1,Endo->EMT,1
IL33->IL1RL1,Endo->Endo,2
IL33->IL1RL1,Endo->ETC,2
IL33->IL1RL1,Endo->TIL,1
IL33->IL1RL1,ETC->CAF,4
IL33->IL1RL1,ETC->DC,3
IL33->IL1RL1,ETC->Endo,1
IL33->IL1RL1,ETC->ETC,3
IL33->IL1RL1,ETC->TIL,1
INHA->TGFBR3,CAF->CAF,2
INHA->TGFBR3,CAF->DC,1
INHA->TGFBR3,CAF->Endo,2
INHA->TGFBR3,CAF->ETC,2
INHA->TGFBR3,CAF->TAM,2
INHA->TGFBR3,CAF->TIL,1
INHA->TGFBR3,EMT->CAF,1
INHA->TGFBR3,EMT->EMT,1
INHA->TGFBR3,EMT->Endo,1
INHA->TGFBR3,EMT->ETC,1
INHA->TGFBR3,ETC->CAF,5
INHA->TGFBR3,ETC->DC,1
INHA->TGFBR3,ETC->Endo,3
INHA->TGFBR3,ETC->ETC,5
INHA->TGFBR3,ETC->TAM,4
INHA->TGFBR3,ETC->TIL,2
JAM2->JAM3,CAF->CAF,9
JAM2->JAM3,CAF->EMT,1
JAM2->JAM3,CAF->Endo,7
JAM2->JAM3,CAF->ETC,4
JAM2->JAM3,CAF->TAM,1
JAM2->JAM3,CAF->TIL,2
JAM2->JAM3,DC->CAF,3
JAM2->JAM3,DC->Endo,3
JAM2->JAM3,DC->ETC,1
JAM2->JAM3,DC->TAM,1
JAM2->JAM3,DC->TIL,1
JAM2->JAM3,EMT->CAF,2
JAM2->JAM3,EMT->EMT,1
JAM2->JAM3,EMT->Endo,2
JAM2->JAM3,EMT->TIL,1
JAM2->JAM3,Endo->CAF,7
JAM2->JAM3,Endo->EMT,1
JAM2->JAM3,Endo->Endo,7
JAM2->JAM3,Endo->ETC,3
JAM2->JAM3,Endo->TAM,1
JAM2->JAM3,Endo->TIL,2
JAM2->JAM3,ETC->CAF,4
JAM2->JAM3,ETC->Endo,3
JAM2->JAM3,ETC->ETC,2
JAM2->JAM3,TAM->CAF,5
JAM2->JAM3,TAM->EMT,1
JAM2->JAM3,TAM->Endo,4
JAM2->JAM3,TAM->ETC,2
JAM2->JAM3,TAM->TAM,1
JAM2->JAM3,TAM->TIL,2
JAM2->JAM3,TIL->CAF,1
JAM2->JAM3,TIL->Endo,1
JAM2->JAM3,TIL->TAM,1
JAM2->JAM3,TIL->TIL,1
JAM3->JAM2,CAF->CAF,9
JAM3->JAM2,CAF->DC,3
JAM3->JAM2,CAF->EMT,2
JAM3->JAM2,CAF->Endo,7
JAM3->JAM2,CAF->ETC,4
JAM3->JAM2,CAF->TAM,5
JAM3->JAM2,CAF->TIL,1
JAM3->JAM2,EMT->CAF,1
JAM3->JAM2,EMT->EMT,1
JAM3->JAM2,EMT->Endo,1
JAM3->JAM2,EMT->TAM,1
JAM3->JAM2,Endo->CAF,7
JAM3->JAM2,Endo->DC,3
JAM3->JAM2,Endo->EMT,2
JAM3->JAM2,Endo->Endo,7
JAM3->JAM2,Endo->ETC,3
JAM3->JAM2,Endo->TAM,4
JAM3->JAM2,Endo->TIL,1
JAM3->JAM2,ETC->CAF,4
JAM3->JAM2,ETC->DC,1
JAM3->JAM2,ETC->Endo,3
JAM3->JAM2,ETC->ETC,2
JAM3->JAM2,ETC->TAM,2
JAM3->JAM2,TAM->CAF,1
JAM3->JAM2,TAM->DC,1
JAM3->JAM2,TAM->Endo,1
JAM3->JAM2,TAM->TAM,1
JAM3->JAM2,TAM->TIL,1
JAM3->JAM2,TIL->CAF,2
JAM3->JAM2,TIL->DC,1
JAM3->JAM2,TIL->EMT,1
JAM3->JAM2,TIL->Endo,2
JAM3->JAM2,TIL->TAM,2
JAM3->JAM2,TIL->TIL,1
LAMA2->DAG1,CAF->CAF,9
LAMA2->DAG1,CAF->DC,4
LAMA2->DAG1,CAF->EMT,2
LAMA2->DAG1,CAF->Endo,7
LAMA2->DAG1,CAF->ETC,9
LAMA2->DAG1,CAF->TAM,6
LAMA2->DAG1,CAF->TIL,2
LAMA2->DAG1,EMT->CAF,2
LAMA2->DAG1,EMT->DC,1
LAMA2->DAG1,EMT->EMT,2
LAMA2->DAG1,EMT->Endo,2
LAMA2->DAG1,EMT->ETC,2
LAMA2->DAG1,EMT->TAM,1
LAMA2->DAG1,Endo->CAF,2
LAMA2->DAG1,Endo->EMT,1
LAMA2->DAG1,Endo->Endo,2
LAMA2->DAG1,Endo->ETC,2
LAMA2->DAG1,Endo->TAM,1
LAMA2->DAG1,ETC->CAF,7
LAMA2->DAG1,ETC->DC,4
LAMA2->DAG1,ETC->EMT,1
LAMA2->DAG1,ETC->Endo,6
LAMA2->DAG1,ETC->ETC,7
LAMA2->DAG1,ETC->TAM,5
LAMA2->DAG1,ETC->TIL,2
LAMA2->DAG1,TAM->CAF,2
LAMA2->DAG1,TAM->Endo,2
LAMA2->DAG1,TAM->ETC,2
LAMA2->DAG1,TAM->TAM,2
LAMA2->DAG1,TAM->TIL,1
LPL->LRP1,CAF->CAF,9
LPL->LRP1,CAF->DC,4
LPL->LRP1,CAF->EMT,2
LPL->LRP1,CAF->Endo,6
LPL->LRP1,CAF->ETC,8
LPL->LRP1,CAF->TAM,8
LPL->LRP1,CAF->TIL,2
LPL->LRP1,DC->CAF,1
LPL->LRP1,DC->ETC,1
LPL->LRP1,DC->TAM,1
LPL->LRP1,DC->TIL,1
LPL->LRP1,EMT->CAF,2
LPL->LRP1,EMT->EMT,2
LPL->LRP1,EMT->Endo,2
LPL->LRP1,EMT->ETC,1
LPL->LRP1,EMT->TAM,2
LPL->LRP1,Endo->CAF,5
LPL->LRP1,Endo->DC,2
LPL->LRP1,Endo->EMT,1
LPL->LRP1,Endo->Endo,4
LPL->LRP1,Endo->ETC,4
LPL->LRP1,Endo->TAM,5
LPL->LRP1,Endo->TIL,1
LPL->LRP1,ETC->CAF,7
LPL->LRP1,ETC->DC,4
LPL->LRP1,ETC->EMT,1
LPL->LRP1,ETC->Endo,5
LPL->LRP1,ETC->ETC,7
LPL->LRP1,ETC->TAM,7
LPL->LRP1,ETC->TIL,2
LPL->LRP1,TAM->CAF,8
LPL->LRP1,TAM->DC,5
LPL->LRP1,TAM->EMT,2
LPL->LRP1,TAM->Endo,6
LPL->LRP1,TAM->ETC,8
LPL->LRP1,TAM->TAM,9
LPL->LRP1,TAM->TIL,2
LRPAP1->LRP1,CAF->CAF,9
LRPAP1->LRP1,CAF->DC,5
LRPAP1->LRP1,CAF->EMT,2
LRPAP1->LRP1,CAF->Endo,6
LRPAP1->LRP1,CAF->ETC,9
LRPAP1->LRP1,CAF->TAM,9
LRPAP1->LRP1,CAF->TIL,2
LRPAP1->LRP1,DC->CAF,8
LRPAP1->LRP1,DC->DC,5
LRPAP1->LRP1,DC->EMT,2
LRPAP1->LRP1,DC->Endo,6
LRPAP1->LRP1,DC->ETC,8
LRPAP1->LRP1,DC->TAM,9
LRPAP1->LRP1,DC->TIL,2
LRPAP1->LRP1,EMT->CAF,2
LRPAP1->LRP1,EMT->EMT,2
LRPAP1->LRP1,EMT->Endo,2
LRPAP1->LRP1,EMT->ETC,1
LRPAP1->LRP1,EMT->TAM,2
LRPAP1->LRP1,Endo->CAF,7
LRPAP1->LRP1,Endo->DC,3
LRPAP1->LRP1,Endo->EMT,2
LRPAP1->LRP1,Endo->Endo,6
LRPAP1->LRP1,Endo->ETC,6
LRPAP1->LRP1,Endo->TAM,7
LRPAP1->LRP1,Endo->TIL,2
LRPAP1->LRP1,ETC->CAF,9
LRPAP1->LRP1,ETC->DC,5
LRPAP1->LRP1,ETC->EMT,2
LRPAP1->LRP1,ETC->Endo,6
LRPAP1->LRP1,ETC->ETC,9
LRPAP1->LRP1,ETC->TAM,9
LRPAP1->LRP1,ETC->TIL,2
LRPAP1->LRP1,TAM->CAF,8
LRPAP1->LRP1,TAM->DC,5
LRPAP1->LRP1,TAM->EMT,2
LRPAP1->LRP1,TAM->Endo,6
LRPAP1->LRP1,TAM->ETC,8
LRPAP1->LRP1,TAM->TAM,9
LRPAP1->LRP1,TAM->TIL,2
LRPAP1->LRP1,TIL->CAF,7
LRPAP1->LRP1,TIL->DC,4
LRPAP1->LRP1,TIL->EMT,2
LRPAP1->LRP1,TIL->Endo,6
LRPAP1->LRP1,TIL->ETC,7
LRPAP1->LRP1,TIL->TAM,8
LRPAP1->LRP1,TIL->TIL,2
LRPAP1->LRP2,CAF->EMT,1
LRPAP1->LRP2,CAF->ETC,1
LRPAP1->LRP2,DC->EMT,1
LRPAP1->LRP2,DC->ETC,1
LRPAP1->LRP2,EMT->EMT,1
LRPAP1->LRP2,Endo->EMT,1
LRPAP1->LRP2,Endo->ETC,1
LRPAP1->LRP2,ETC->EMT,1
LRPAP1->LRP2,ETC->ETC,1
LRPAP1->LRP2,TAM->EMT,1
LRPAP1->LRP2,TAM->ETC,1
LRPAP1->LRP2,TIL->EMT,1
LRPAP1->LRP2,TIL->ETC,1
LRPAP1->LRP8,CAF->CAF,4
LRPAP1->LRP8,CAF->DC,1
LRPAP1->LRP8,CAF->EMT,2
LRPAP1->LRP8,CAF->Endo,1
LRPAP1->LRP8,CAF->ETC,8
LRPAP1->LRP8,CAF->TAM,5
LRPAP1->LRP8,CAF->TIL,1
LRPAP1->LRP8,DC->CAF,4
LRPAP1->LRP8,DC->DC,1
LRPAP1->LRP8,DC->EMT,2
LRPAP1->LRP8,DC->Endo,1
LRPAP1->LRP8,DC->ETC,7
LRPAP1->LRP8,DC->TAM,5
LRPAP1->LRP8,DC->TIL,1
LRPAP1->LRP8,EMT->EMT,2
LRPAP1->LRP8,EMT->TAM,1
LRPAP1->LRP8,Endo->CAF,4
LRPAP1->LRP8,Endo->DC,1
LRPAP1->LRP8,Endo->EMT,2
LRPAP1->LRP8,Endo->Endo,1
LRPAP1->LRP8,Endo->ETC,5
LRPAP1->LRP8,Endo->TAM,4
LRPAP1->LRP8,Endo->TIL,1
LRPAP1->LRP8,ETC->CAF,4
LRPAP1->LRP8,ETC->DC,1
LRPAP1->LRP8,ETC->EMT,2
LRPAP1->LRP8,ETC->Endo,1
LRPAP1->LRP8,ETC->ETC,8
LRPAP1->LRP8,ETC->TAM,5
LRPAP1->LRP8,ETC->TIL,1
LRPAP1->LRP8,TAM->CAF,4
LRPAP1->LRP8,TAM->DC,1
LRPAP1->LRP8,TAM->EMT,2
LRPAP1->LRP8,TAM->Endo,1
LRPAP1->LRP8,TAM->ETC,7
LRPAP1->LRP8,TAM->TAM,5
LRPAP1->LRP8,TAM->TIL,1
LRPAP1->LRP8,TIL->CAF,4
LRPAP1->LRP8,TIL->DC,1
LRPAP1->LRP8,TIL->EMT,2
LRPAP1->LRP8,TIL->Endo,1
LRPAP1->LRP8,TIL->ETC,6
LRPAP1->LRP8,TIL->TAM,5
LRPAP1->LRP8,TIL->TIL,1
LRPAP1->SORT1,CAF->CAF,10
LRPAP1->SORT1,CAF->DC,8
LRPAP1->SORT1,CAF->EMT,3
LRPAP1->SORT1,CAF->Endo,6
LRPAP1->SORT1,CAF->ETC,10
LRPAP1->SORT1,CAF->TAM,8
LRPAP1->SORT1,CAF->TIL,1
LRPAP1->SORT1,DC->CAF,9
LRPAP1->SORT1,DC->DC,8
LRPAP1->SORT1,DC->EMT,2
LRPAP1->SORT1,DC->Endo,6
LRPAP1->SORT1,DC->ETC,9
LRPAP1->SORT1,DC->TAM,8
LRPAP1->SORT1,DC->TIL,1
LRPAP1->SORT1,EMT->CAF,2
LRPAP1->SORT1,EMT->DC,1
LRPAP1->SORT1,EMT->EMT,2
LRPAP1->SORT1,EMT->Endo,2
LRPAP1->SORT1,EMT->ETC,2
LRPAP1->SORT1,EMT->TAM,1
LRPAP1->SORT1,Endo->CAF,7
LRPAP1->SORT1,Endo->DC,6
LRPAP1->SORT1,Endo->EMT,2
LRPAP1->SORT1,Endo->Endo,6
LRPAP1->SORT1,Endo->ETC,7
LRPAP1->SORT1,Endo->TAM,6
LRPAP1->SORT1,Endo->TIL,1
LRPAP1->SORT1,ETC->CAF,10
LRPAP1->SORT1,ETC->DC,8
LRPAP1->SORT1,ETC->EMT,3
LRPAP1->SORT1,ETC->Endo,6
LRPAP1->SORT1,ETC->ETC,10
LRPAP1->SORT1,ETC->TAM,8
LRPAP1->SORT1,ETC->TIL,1
LRPAP1->SORT1,TAM->CAF,9
LRPAP1->SORT1,TAM->DC,8
LRPAP1->SORT1,TAM->EMT,2
LRPAP1->SORT1,TAM->Endo,6
LRPAP1->SORT1,TAM->ETC,9
LRPAP1->SORT1,TAM->TAM,8
LRPAP1->SORT1,TAM->TIL,1
LRPAP1->SORT1,TIL->CAF,8
LRPAP1->SORT1,TIL->DC,7
LRPAP1->SORT1,TIL->EMT,2
LRPAP1->SORT1,TIL->Endo,6
LRPAP1->SORT1,TIL->ETC,8
LRPAP1->SORT1,TIL->TAM,7
LRPAP1->SORT1,TIL->TIL,1
MDK->LRP1,CAF->CAF,9
MDK->LRP1,CAF->DC,4
MDK->LRP1,CAF->EMT,2
MDK->LRP1,CAF->Endo,6
MDK->LRP1,CAF->ETC,8
MDK->LRP1,CAF->TAM,8
MDK->LRP1,CAF->TIL,2
MDK->LRP1,DC->CAF,7
MDK->LRP1,DC->DC,5
MDK->LRP1,DC->EMT,1
MDK->LRP1,DC->Endo,5
MDK->LRP1,DC->ETC,8
MDK->LRP1,DC->TAM,8
MDK->LRP1,DC->TIL,2
MDK->LRP1,EMT->CAF,3
MDK->LRP1,EMT->EMT,2
MDK->LRP1,EMT->Endo,2
MDK->LRP1,EMT->ETC,2
MDK->LRP1,EMT->TAM,2
MDK->LRP1,Endo->CAF,7
MDK->LRP1,Endo->DC,3
MDK->LRP1,Endo->EMT,2
MDK->LRP1,Endo->Endo,6
MDK->LRP1,Endo->ETC,6
MDK->LRP1,Endo->TAM,7
MDK->LRP1,Endo->TIL,2
MDK->LRP1,ETC->CAF,9
MDK->LRP1,ETC->DC,5
MDK->LRP1,ETC->EMT,2
MDK->LRP1,ETC->Endo,6
MDK->LRP1,ETC->ETC,9
MDK->LRP1,ETC->TAM,9
MDK->LRP1,ETC->TIL,2
MDK->LRP1,TAM->CAF,7
MDK->LRP1,TAM->DC,4
MDK->LRP1,TAM->EMT,1
MDK->LRP1,TAM->Endo,5
MDK->LRP1,TAM->ETC,6
MDK->LRP1,TAM->TAM,7
MDK->LRP1,TAM->TIL,2
MDK->LRP1,TIL->CAF,4
MDK->LRP1,TIL->DC,4
MDK->LRP1,TIL->EMT,1
MDK->LRP1,TIL->Endo,4
MDK->LRP1,TIL->ETC,4
MDK->LRP1,TIL->TAM,5
MDK->LRP1,TIL->TIL,1
NCR3LG1->NCR3,CAF->CAF,2
NCR3LG1->NCR3,CAF->EMT,1
NCR3LG1->NCR3,CAF->ETC,4
NCR3LG1->NCR3,CAF->TAM,1
NCR3LG1->NCR3,CAF->TIL,2
NCR3LG1->NCR3,DC->CAF,2
NCR3LG1->NCR3,DC->ETC,3
NCR3LG1->NCR3,DC->TAM,1
NCR3LG1->NCR3,DC->TIL,2
NCR3LG1->NCR3,EMT->EMT,1
NCR3LG1->NCR3,EMT->TIL,1
NCR3LG1->NCR3,ETC->CAF,2
NCR3LG1->NCR3,ETC->EMT,1
NCR3LG1->NCR3,ETC->ETC,4
NCR3LG1->NCR3,ETC->TAM,1
NCR3LG1->NCR3,ETC->TIL,4
NCR3LG1->NCR3,TAM->CAF,2
NCR3LG1->NCR3,TAM->ETC,4
NCR3LG1->NCR3,TAM->TAM,1
NCR3LG1->NCR3,TAM->TIL,3
NCR3LG1->NCR3,TIL->CAF,1
NCR3LG1->NCR3,TIL->ETC,1
NCR3LG1->NCR3,TIL->TAM,1
NCR3LG1->NCR3,TIL->TIL,2
NGF->SORT1,CAF->CAF,9
NGF->SORT1,CAF->DC,7
NGF->SORT1,CAF->EMT,3
NGF->SORT1,CAF->Endo,5
NGF->SORT1,CAF->ETC,9
NGF->SORT1,CAF->TAM,7
NGF->SORT1,CAF->TIL,1
NGF->SORT1,EMT->CAF,1
NGF->SORT1,EMT->EMT,1
NGF->SORT1,EMT->Endo,1
NGF->SORT1,EMT->ETC,1
NGF->SORT1,EMT->TAM,1
NGF->SORT1,Endo->CAF,3
NGF->SORT1,Endo->DC,2
NGF->SORT1,Endo->EMT,1
NGF->SORT1,Endo->Endo,3
NGF->SORT1,Endo->ETC,3
NGF->SORT1,Endo->TAM,3
NGF->SORT1,ETC->CAF,1
NGF->SORT1,ETC->DC,1
NGF->SORT1,ETC->Endo,1
NGF->SORT1,ETC->ETC,1
NGF->SORT1,ETC->TAM,1
NLGN1->NRXN3,CAF->CAF,6
NLGN1->NRXN3,CAF->EMT,1
NLGN1->NRXN3,CAF->Endo,2
NLGN1->NRXN3,CAF->ETC,3
NLGN1->NRXN3,CAF->TAM,1
NLGN1->NRXN3,EMT->CAF,1
NLGN1->NRXN3,EMT->EMT,2
NLGN1->NRXN3,Endo->CAF,1
NLGN1->NRXN3,Endo->EMT,1
NLGN1->NRXN3,ETC->CAF,2
NLGN1->NRXN3,ETC->Endo,1
NLGN1->NRXN3,ETC->ETC,2
NLGN1->NRXN3,TIL->CAF,1
NLGN1->NRXN3,TIL->TAM,1
NODAL->TDGF1,Endo->ETC,1
NRTN->GFRA1,CAF->CAF,6
NRTN->GFRA1,CAF->DC,1
NRTN->GFRA1,CAF->Endo,1
NRTN->GFRA1,CAF->ETC,3
NRTN->GFRA1,ETC->CAF,4
NRTN->GFRA1,ETC->DC,1
NRTN->GFRA1,ETC->ETC,2
NRTN->GFRA1,TAM->CAF,1
NRTN->RET,CAF->CAF,4
NRTN->RET,CAF->DC,1
NRTN->RET,CAF->ETC,2
NRTN->RET,CAF->TAM,4
NRTN->RET,ETC->CAF,2
NRTN->RET,ETC->DC,1
NRTN->RET,ETC->ETC,1
NRTN->RET,ETC->TAM,3
NRTN->RET,TAM->CAF,1
NRTN->RET,TAM->DC,1
NRTN->RET,TAM->TAM,1
NTN1->NEO1,CAF->CAF,5
NTN1->NEO1,CAF->DC,2
NTN1->NEO1,CAF->Endo,2
NTN1->NEO1,CAF->ETC,5
NTN1->NEO1,CAF->TAM,3
NTN1->NEO1,CAF->TIL,1
NTN1->NEO1,EMT->CAF,2
NTN1->NEO1,EMT->EMT,2
NTN1->NEO1,EMT->Endo,1
NTN1->NEO1,EMT->ETC,2
NTN1->NEO1,EMT->TAM,1
NTN1->NEO1,Endo->CAF,1
NTN1->NEO1,Endo->ETC,1
NTN1->NEO1,ETC->CAF,9
NTN1->NEO1,ETC->DC,3
NTN1->NEO1,ETC->EMT,1
NTN1->NEO1,ETC->Endo,3
NTN1->NEO1,ETC->ETC,9
NTN1->NEO1,ETC->TAM,4
NTN1->NEO1,ETC->TIL,1
NTNG2->LRRC4,CAF->CAF,2
NTNG2->LRRC4,CAF->EMT,1
NTNG2->LRRC4,CAF->Endo,4
NTNG2->LRRC4,CAF->ETC,1
NTNG2->LRRC4,CAF->TAM,1
NTNG2->LRRC4,EMT->EMT,1
NTNG2->LRRC4,ETC->CAF,1
NTNG2->LRRC4,ETC->Endo,1
NTNG2->LRRC4,ETC->TAM,1
NTNG2->LRRC4,TAM->CAF,1
NTNG2->LRRC4,TAM->Endo,3
NTNG2->LRRC4,TAM->ETC,1
NTNG2->LRRC4,TAM->TAM,1
NTNG2->LRRC4,TIL->Endo,1
NTNG2->LRRC4,TIL->TAM,1
NTS->SORT1,CAF->CAF,1
NTS->SORT1,CAF->DC,1
NTS->SORT1,CAF->ETC,1
NTS->SORT1,CAF->TAM,1
NTS->SORT1,DC->CAF,1
NTS->SORT1,DC->DC,1
NTS->SORT1,DC->Endo,1
NTS->SORT1,DC->ETC,1
NTS->SORT1,DC->TAM,1
NTS->SORT1,EMT->CAF,1
NTS->SORT1,EMT->EMT,1
NTS->SORT1,EMT->Endo,1
NTS->SORT1,EMT->ETC,1
NTS->SORT1,EMT->TAM,1
NTS->SORT1,Endo->CAF,2
NTS->SORT1,Endo->DC,1
NTS->SORT1,Endo->EMT,1
NTS->SORT1,Endo->Endo,2
NTS->SORT1,Endo->ETC,2
NTS->SORT1,Endo->TAM,2
NTS->SORT1,ETC->CAF,2
NTS->SORT1,ETC->DC,2
NTS->SORT1,ETC->Endo,1
NTS->SORT1,ETC->ETC,2
NTS->SORT1,ETC->TAM,2
NXPH1->NRXN3,CAF->CAF,1
NXPH1->NRXN3,CAF->ETC,1
NXPH1->NRXN3,ETC->CAF,1
NXPH1->NRXN3,ETC->Endo,1
NXPH1->NRXN3,ETC->ETC,1
NXPH3->NRXN3,CAF->CAF,7
NXPH3->NRXN3,CAF->EMT,1
NXPH3->NRXN3,CAF->Endo,2
NXPH3->NRXN3,CAF->ETC,4
NXPH3->NRXN3,CAF->TAM,1
NXPH3->NRXN3,EMT->EMT,1
NXPH3->NRXN3,Endo->CAF,2
NXPH3->NRXN3,Endo->EMT,1
NXPH3->NRXN3,Endo->ETC,1
NXPH3->NRXN3,ETC->CAF,2
NXPH3->NRXN3,ETC->Endo,1
NXPH3->NRXN3,ETC->ETC,1
NXPH3->NRXN3,TAM->CAF,1
NXPH3->NRXN3,TAM->TAM,1
OMG->TNFRSF1B,CAF->CAF,7
OMG->TNFRSF1B,CAF->DC,6
OMG->TNFRSF1B,CAF->EMT,1
OMG->TNFRSF1B,CAF->Endo,5
OMG->TNFRSF1B,CAF->ETC,6
OMG->TNFRSF1B,CAF->TAM,7
OMG->TNFRSF1B,CAF->TIL,5
OMG->TNFRSF1B,EMT->CAF,1
OMG->TNFRSF1B,EMT->EMT,1
OMG->TNFRSF1B,EMT->Endo,1
OMG->TNFRSF1B,EMT->TAM,1
OMG->TNFRSF1B,EMT->TIL,1
OMG->TNFRSF1B,Endo->CAF,1
OMG->TNFRSF1B,Endo->DC,1
OMG->TNFRSF1B,Endo->Endo,1
OMG->TNFRSF1B,Endo->ETC,1
OMG->TNFRSF1B,Endo->TAM,1
OMG->TNFRSF1B,ETC->CAF,4
OMG->TNFRSF1B,ETC->DC,4
OMG->TNFRSF1B,ETC->Endo,2
OMG->TNFRSF1B,ETC->ETC,4
OMG->TNFRSF1B,ETC->TAM,4
OMG->TNFRSF1B,ETC->TIL,3
OMG->TNFRSF1B,TAM->CAF,2
OMG->TNFRSF1B,TAM->DC,2
OMG->TNFRSF1B,TAM->Endo,1
OMG->TNFRSF1B,TAM->ETC,2
OMG->TNFRSF1B,TAM->TAM,2
OMG->TNFRSF1B,TAM->TIL,1
OMG->TNFRSF1B,TIL->CAF,1
OMG->TNFRSF1B,TIL->DC,1
OMG->TNFRSF1B,TIL->ETC,1
OMG->TNFRSF1B,TIL->TAM,1
OMG->TNFRSF1B,TIL->TIL,1
PDGFB->LRP1,CAF->CAF,5
PDGFB->LRP1,CAF->DC,3
PDGFB->LRP1,CAF->EMT,1
PDGFB->LRP1,CAF->Endo,3
PDGFB->LRP1,CAF->ETC,4
PDGFB->LRP1,CAF->TAM,5
PDGFB->LRP1,CAF->TIL,1
PDGFB->LRP1,DC->CAF,3
PDGFB->LRP1,DC->DC,3
PDGFB->LRP1,DC->Endo,3
PDGFB->LRP1,DC->ETC,3
PDGFB->LRP1,DC->TAM,3
PDGFB->LRP1,DC->TIL,1
PDGFB->LRP1,EMT->CAF,2
PDGFB->LRP1,EMT->EMT,2
PDGFB->LRP1,EMT->Endo,2
PDGFB->LRP1,EMT->ETC,1
PDGFB->LRP1,EMT->TAM,2
PDGFB->LRP1,Endo->CAF,7
PDGFB->LRP1,Endo->DC,3
PDGFB->LRP1,Endo->EMT,2
PDGFB->LRP1,Endo->Endo,6
PDGFB->LRP1,Endo->ETC,6
PDGFB->LRP1,Endo->TAM,7
PDGFB->LRP1,Endo->TIL,2
PDGFB->LRP1,ETC->CAF,8
PDGFB->LRP1,ETC->DC,5
PDGFB->LRP1,ETC->EMT,1
PDGFB->LRP1,ETC->Endo,5
PDGFB->LRP1,ETC->ETC,8
PDGFB->LRP1,ETC->TAM,8
PDGFB->LRP1,ETC->TIL,2
PDGFB->LRP1,TAM->CAF,6
PDGFB->LRP1,TAM->DC,4
PDGFB->LRP1,TAM->EMT,1
PDGFB->LRP1,TAM->Endo,5
PDGFB->LRP1,TAM->ETC,6
PDGFB->LRP1,TAM->TAM,7
PDGFB->LRP1,TAM->TIL,2
PDGFB->LRP1,TIL->CAF,2
PDGFB->LRP1,TIL->DC,2
PDGFB->LRP1,TIL->Endo,1
PDGFB->LRP1,TIL->ETC,3
PDGFB->LRP1,TIL->TAM,3
PDGFB->LRP1,TIL->TIL,2
PROC->TEK,CAF->CAF,4
PROC->TEK,CAF->Endo,3
PROC->TEK,CAF->ETC,4
PROC->TEK,DC->CAF,2
PROC->TEK,DC->Endo,1
PROC->TEK,DC->ETC,2
PROC->TEK,EMT->CAF,1
PROC->TEK,EMT->EMT,1
PROC->TEK,EMT->Endo,2
PROC->TEK,ETC->CAF,6
PROC->TEK,ETC->Endo,6
PROC->TEK,ETC->ETC,6
PROC->TEK,TAM->CAF,4
PROC->TEK,TAM->EMT,1
PROC->TEK,TAM->Endo,4
PROC->TEK,TAM->ETC,3
PSAP->LRP1,CAF->CAF,9
PSAP->LRP1,CAF->DC,5
PSAP->LRP1,CAF->EMT,2
PSAP->LRP1,CAF->Endo,6
PSAP->LRP1,CAF->ETC,9
PSAP->LRP1,CAF->TAM,9
PSAP->LRP1,CAF->TIL,2
PSAP->LRP1,DC->CAF,8
PSAP->LRP1,DC->DC,5
PSAP->LRP1,DC->EMT,2
PSAP->LRP1,DC->Endo,6
PSAP->LRP1,DC->ETC,8
PSAP->LRP1,DC->TAM,9
PSAP->LRP1,DC->TIL,2
PSAP->LRP1,EMT->CAF,3
PSAP->LRP1,EMT->EMT,2
PSAP->LRP1,EMT->Endo,2
PSAP->LRP1,EMT->ETC,2
PSAP->LRP1,EMT->TAM,2
PSAP->LRP1,Endo->CAF,7
PSAP->LRP1,Endo->DC,3
PSAP->LRP1,Endo->EMT,2
PSAP->LRP1,Endo->Endo,6
PSAP->LRP1,Endo->ETC,6
PSAP->LRP1,Endo->TAM,7
PSAP->LRP1,Endo->TIL,2
PSAP->LRP1,ETC->CAF,9
PSAP->LRP1,ETC->DC,5
PSAP->LRP1,ETC->EMT,2
PSAP->LRP1,ETC->Endo,6
PSAP->LRP1,ETC->ETC,9
PSAP->LRP1,ETC->TAM,9
PSAP->LRP1,ETC->TIL,2
PSAP->LRP1,TAM->CAF,8
PSAP->LRP1,TAM->DC,5
PSAP->LRP1,TAM->EMT,2
PSAP->LRP1,TAM->Endo,6
PSAP->LRP1,TAM->ETC,8
PSAP->LRP1,TAM->TAM,9
PSAP->LRP1,TAM->TIL,2
PSAP->LRP1,TIL->CAF,7
PSAP->LRP1,TIL->DC,4
PSAP->LRP1,TIL->EMT,2
PSAP->LRP1,TIL->Endo,6
PSAP->LRP1,TIL->ETC,7
PSAP->LRP1,TIL->TAM,8
PSAP->LRP1,TIL->TIL,2
PSPN->GFRA1,CAF->CAF,6
PSPN->GFRA1,CAF->DC,1
PSPN->GFRA1,CAF->Endo,1
PSPN->GFRA1,CAF->ETC,3
PSPN->GFRA1,DC->CAF,3
PSPN->GFRA1,DC->DC,1
PSPN->GFRA1,DC->Endo,1
PSPN->GFRA1,DC->ETC,2
PSPN->GFRA1,Endo->CAF,3
PSPN->GFRA1,Endo->DC,1
PSPN->GFRA1,Endo->Endo,1
PSPN->GFRA1,Endo->ETC,2
PSPN->GFRA1,ETC->CAF,5
PSPN->GFRA1,ETC->DC,1
PSPN->GFRA1,ETC->Endo,1
PSPN->GFRA1,ETC->ETC,3
PSPN->GFRA1,TAM->CAF,4
PSPN->GFRA1,TAM->ETC,1
PTN->PTPRB,CAF->CAF,5
PTN->PTPRB,CAF->EMT,2
PTN->PTPRB,CAF->Endo,7
PTN->PTPRB,CAF->ETC,7
PTN->PTPRB,CAF->TAM,1
PTN->PTPRB,DC->CAF,1
PTN->PTPRB,DC->Endo,2
PTN->PTPRB,DC->ETC,2
PTN->PTPRB,EMT->CAF,1
PTN->PTPRB,EMT->EMT,2
PTN->PTPRB,EMT->Endo,2
PTN->PTPRB,Endo->CAF,3
PTN->PTPRB,Endo->EMT,1
PTN->PTPRB,Endo->Endo,5
PTN->PTPRB,Endo->ETC,4
PTN->PTPRB,ETC->CAF,5
PTN->PTPRB,ETC->EMT,2
PTN->PTPRB,ETC->Endo,7
PTN->PTPRB,ETC->ETC,5
PTN->PTPRB,ETC->TAM,1
PTN->PTPRB,TAM->CAF,3
PTN->PTPRB,TAM->Endo,4
PTN->PTPRB,TAM->ETC,4
PTN->PTPRB,TAM->TAM,1
RELN->LRP8,CAF->CAF,1
RELN->LRP8,CAF->EMT,1
RELN->LRP8,CAF->ETC,2
RELN->LRP8,CAF->TAM,2
RELN->LRP8,Endo->CAF,1
RELN->LRP8,Endo->ETC,1
RELN->LRP8,Endo->TAM,1
RELN->LRP8,ETC->CAF,2
RELN->LRP8,ETC->DC,1
RELN->LRP8,ETC->Endo,1
RELN->LRP8,ETC->ETC,3
RELN->LRP8,ETC->TAM,2
RELN->LRP8,ETC->TIL,1
RGMA->NEO1,CAF->CAF,10
RGMA->NEO1,CAF->DC,3
RGMA->NEO1,CAF->EMT,2
RGMA->NEO1,CAF->Endo,3
RGMA->NEO1,CAF->ETC,10
RGMA->NEO1,CAF->TAM,4
RGMA->NEO1,CAF->TIL,1
RGMA->NEO1,EMT->CAF,2
RGMA->NEO1,EMT->EMT,2
RGMA->NEO1,EMT->Endo,1
RGMA->NEO1,EMT->ETC,2
RGMA->NEO1,EMT->TAM,1
RGMA->NEO1,Endo->CAF,3
RGMA->NEO1,Endo->DC,1
RGMA->NEO1,Endo->EMT,1
RGMA->NEO1,Endo->Endo,2
RGMA->NEO1,Endo->ETC,3
RGMA->NEO1,Endo->TAM,2
RGMA->NEO1,Endo->TIL,1
RGMA->NEO1,ETC->CAF,5
RGMA->NEO1,ETC->DC,3
RGMA->NEO1,ETC->Endo,2
RGMA->NEO1,ETC->ETC,5
RGMA->NEO1,ETC->TAM,1
RGMA->NEO1,TAM->CAF,2
RGMA->NEO1,TAM->DC,1
RGMA->NEO1,TAM->ETC,2
RGMA->NEO1,TAM->TAM,1
RGMB->NEO1,CAF->CAF,8
RGMB->NEO1,CAF->DC,2
RGMB->NEO1,CAF->EMT,1
RGMB->NEO1,CAF->Endo,3
RGMB->NEO1,CAF->ETC,8
RGMB->NEO1,CAF->TAM,4
RGMB->NEO1,CAF->TIL,1
RGMB->NEO1,DC->CAF,1
RGMB->NEO1,DC->DC,1
RGMB->NEO1,DC->Endo,1
RGMB->NEO1,DC->ETC,1
RGMB->NEO1,EMT->CAF,2
RGMB->NEO1,EMT->EMT,2
RGMB->NEO1,EMT->Endo,1
RGMB->NEO1,EMT->ETC,2
RGMB->NEO1,EMT->TAM,1
RGMB->NEO1,Endo->CAF,7
RGMB->NEO1,Endo->DC,2
RGMB->NEO1,Endo->EMT,2
RGMB->NEO1,Endo->Endo,3
RGMB->NEO1,Endo->ETC,7
RGMB->NEO1,Endo->TAM,3
RGMB->NEO1,Endo->TIL,1
RGMB->NEO1,ETC->CAF,10
RGMB->NEO1,ETC->DC,3
RGMB->NEO1,ETC->EMT,2
RGMB->NEO1,ETC->Endo,3
RGMB->NEO1,ETC->ETC,10
RGMB->NEO1,ETC->TAM,4
RGMB->NEO1,ETC->TIL,1
RGMB->NEO1,TAM->CAF,6
RGMB->NEO1,TAM->DC,1
RGMB->NEO1,TAM->EMT,1
RGMB->NEO1,TAM->Endo,2
RGMB->NEO1,TAM->ETC,6
RGMB->NEO1,TAM->TAM,4
RGMB->NEO1,TAM->TIL,1
RSPO1->LGR5,CAF->CAF,5
RSPO1->LGR5,CAF->DC,1
RSPO1->LGR5,CAF->EMT,1
RSPO1->LGR5,CAF->Endo,2
RSPO1->LGR5,CAF->ETC,5
RSPO1->LGR5,CAF->TAM,1
RSPO1->LGR5,ETC->CAF,1
RSPO1->LGR5,ETC->ETC,1
RSPO2->LGR5,CAF->CAF,2
RSPO2->LGR5,CAF->Endo,1
RSPO2->LGR5,CAF->ETC,2
RSPO2->LGR5,ETC->CAF,2
RSPO2->LGR5,ETC->DC,1
RSPO2->LGR5,ETC->Endo,1
RSPO2->LGR5,ETC->ETC,2
RSPO3->FZD8,CAF->CAF,8
RSPO3->FZD8,CAF->DC,1
RSPO3->FZD8,CAF->EMT,1
RSPO3->FZD8,CAF->Endo,5
RSPO3->FZD8,CAF->ETC,5
RSPO3->FZD8,CAF->TAM,3
RSPO3->FZD8,DC->CAF,1
RSPO3->FZD8,DC->Endo,1
RSPO3->FZD8,DC->ETC,1
RSPO3->FZD8,EMT->CAF,1
RSPO3->FZD8,EMT->EMT,1
RSPO3->FZD8,EMT->Endo,1
RSPO3->FZD8,EMT->ETC,1
RSPO3->FZD8,Endo->CAF,5
RSPO3->FZD8,Endo->DC,1
RSPO3->FZD8,Endo->Endo,4
RSPO3->FZD8,Endo->ETC,3
RSPO3->FZD8,Endo->TAM,2
RSPO3->FZD8,ETC->CAF,4
RSPO3->FZD8,ETC->Endo,3
RSPO3->FZD8,ETC->ETC,2
RSPO3->FZD8,ETC->TAM,2
RSPO3->FZD8,TAM->CAF,3
RSPO3->FZD8,TAM->Endo,2
RSPO3->FZD8,TAM->ETC,2
RSPO3->FZD8,TAM->TAM,2
RSPO4->LGR5,CAF->CAF,1
RSPO4->LGR5,CAF->DC,1
RSPO4->LGR5,CAF->Endo,1
RSPO4->LGR5,CAF->ETC,1
RSPO4->LGR5,ETC->CAF,2
RSPO4->LGR5,ETC->DC,1
RSPO4->LGR5,ETC->Endo,2
RSPO4->LGR5,ETC->ETC,2
SEMA6A->PLXNA4,CAF->CAF,5
SEMA6A->PLXNA4,CAF->DC,1
SEMA6A->PLXNA4,CAF->EMT,1
SEMA6A->PLXNA4,CAF->Endo,1
SEMA6A->PLXNA4,CAF->ETC,4
SEMA6A->PLXNA4,CAF->TIL,1
SEMA6A->PLXNA4,DC->CAF,1
SEMA6A->PLXNA4,DC->ETC,2
SEMA6A->PLXNA4,EMT->CAF,1
SEMA6A->PLXNA4,EMT->EMT,2
SEMA6A->PLXNA4,EMT->Endo,1
SEMA6A->PLXNA4,Endo->CAF,4
SEMA6A->PLXNA4,Endo->EMT,2
SEMA6A->PLXNA4,Endo->Endo,1
SEMA6A->PLXNA4,Endo->ETC,2
SEMA6A->PLXNA4,ETC->CAF,5
SEMA6A->PLXNA4,ETC->DC,1
SEMA6A->PLXNA4,ETC->EMT,2
SEMA6A->PLXNA4,ETC->Endo,1
SEMA6A->PLXNA4,ETC->ETC,5
SEMA6A->PLXNA4,ETC->TIL,1
SEMA6A->PLXNA4,TAM->CAF,2
SEMA6A->PLXNA4,TAM->DC,1
SEMA6A->PLXNA4,TAM->ETC,1
SEMA6A->PLXNA4,TAM->TIL,1
SERPINE2->LRP1,CAF->CAF,9
SERPINE2->LRP1,CAF->DC,4
SERPINE2->LRP1,CAF->EMT,2
SERPINE2->LRP1,CAF->Endo,6
SERPINE2->LRP1,CAF->ETC,8
SERPINE2->LRP1,CAF->TAM,8
SERPINE2->LRP1,CAF->TIL,2
SERPINE2->LRP1,DC->CAF,4
SERPINE2->LRP1,DC->DC,3
SERPINE2->LRP1,DC->EMT,1
SERPINE2->LRP1,DC->Endo,4
SERPINE2->LRP1,DC->ETC,4
SERPINE2->LRP1,DC->TAM,4
SERPINE2->LRP1,DC->TIL,1
SERPINE2->LRP1,EMT->CAF,3
SERPINE2->LRP1,EMT->EMT,2
SERPINE2->LRP1,EMT->Endo,2
SERPINE2->LRP1,EMT->ETC,2
SERPINE2->LRP1,EMT->TAM,2
SERPINE2->LRP1,Endo->CAF,6
SERPINE2->LRP1,Endo->DC,2
SERPINE2->LRP1,Endo->EMT,2
SERPINE2->LRP1,Endo->Endo,5
SERPINE2->LRP1,Endo->ETC,5
SERPINE2->LRP1,Endo->TAM,6
SERPINE2->LRP1,Endo->TIL,1
SERPINE2->LRP1,ETC->CAF,9
SERPINE2->LRP1,ETC->DC,5
SERPINE2->LRP1,ETC->EMT,2
SERPINE2->LRP1,ETC->Endo,6
SERPINE2->LRP1,ETC->ETC,9
SERPINE2->LRP1,ETC->TAM,9
SERPINE2->LRP1,ETC->TIL,2
SERPINE2->LRP1,TAM->CAF,4
SERPINE2->LRP1,TAM->DC,1
SERPINE2->LRP1,TAM->EMT,1
SERPINE2->LRP1,TAM->Endo,3
SERPINE2->LRP1,TAM->ETC,3
SERPINE2->LRP1,TAM->TAM,4
SERPINE2->LRP1,TAM->TIL,2
SERPINE2->LRP1,TIL->CAF,3
SERPINE2->LRP1,TIL->DC,2
SERPINE2->LRP1,TIL->EMT,2
SERPINE2->LRP1,TIL->Endo,3
SERPINE2->LRP1,TIL->ETC,3
SERPINE2->LRP1,TIL->TAM,4
SERPINE2->LRP1,TIL->TIL,1
SHH->BOC,CAF->CAF,2
SHH->BOC,CAF->Endo,1
SHH->BOC,CAF->ETC,2
SHH->BOC,CAF->TAM,1
SHH->BOC,DC->CAF,1
SHH->BOC,DC->Endo,1
SHH->BOC,DC->ETC,1
SHH->BOC,EMT->CAF,2
SHH->BOC,EMT->EMT,2
SHH->BOC,EMT->ETC,1
SHH->BOC,Endo->CAF,1
SHH->BOC,Endo->Endo,1
SHH->BOC,Endo->ETC,1
SHH->BOC,ETC->CAF,7
SHH->BOC,ETC->DC,1
SHH->BOC,ETC->EMT,1
SHH->BOC,ETC->Endo,3
SHH->BOC,ETC->ETC,7
SHH->BOC,ETC->TAM,2
SHH->BOC,TIL->CAF,1
SHH->BOC,TIL->DC,1
SHH->BOC,TIL->ETC,1
SHH->BOC,TIL->TAM,1
SHH->GPC5,CAF->CAF,2
SHH->GPC5,CAF->ETC,1
SHH->GPC5,DC->CAF,1
SHH->GPC5,DC->ETC,1
SHH->GPC5,EMT->CAF,1
SHH->GPC5,EMT->EMT,1
SHH->GPC5,Endo->ETC,1
SHH->GPC5,ETC->CAF,2
SHH->GPC5,ETC->ETC,4
SHH->GPC5,TIL->ETC,1
SHH->LRP2,CAF->ETC,1
SHH->LRP2,DC->ETC,1
SHH->LRP2,EMT->EMT,1
SHH->LRP2,ETC->ETC,1
SHH->PTCH1,CAF->CAF,2
SHH->PTCH1,CAF->DC,2
SHH->PTCH1,CAF->Endo,2
SHH->PTCH1,CAF->ETC,2
SHH->PTCH1,CAF->TAM,2
SHH->PTCH1,CAF->TIL,1
SHH->PTCH1,DC->CAF,1
SHH->PTCH1,DC->DC,1
SHH->PTCH1,DC->Endo,1
SHH->PTCH1,DC->ETC,1
SHH->PTCH1,DC->TAM,1
SHH->PTCH1,EMT->CAF,1
SHH->PTCH1,EMT->EMT,2
SHH->PTCH1,EMT->Endo,1
SHH->PTCH1,EMT->ETC,1
SHH->PTCH1,Endo->CAF,1
SHH->PTCH1,Endo->Endo,1
SHH->PTCH1,Endo->ETC,1
SHH->PTCH1,Endo->TAM,1
SHH->PTCH1,ETC->CAF,6
SHH->PTCH1,ETC->DC,2
SHH->PTCH1,ETC->EMT,1
SHH->PTCH1,ETC->Endo,4
SHH->PTCH1,ETC->ETC,8
SHH->PTCH1,ETC->TAM,3
SHH->PTCH1,ETC->TIL,1
SHH->PTCH1,TIL->CAF,1
SHH->PTCH1,TIL->ETC,1
SHH->PTCH2,CAF->CAF,2
SHH->PTCH2,CAF->ETC,2
SHH->PTCH2,DC->CAF,1
SHH->PTCH2,DC->ETC,1
SHH->PTCH2,EMT->CAF,1
SHH->PTCH2,EMT->EMT,2
SHH->PTCH2,EMT->Endo,1
SHH->PTCH2,Endo->CAF,1
SHH->PTCH2,Endo->DC,1
SHH->PTCH2,Endo->Endo,1
SHH->PTCH2,Endo->ETC,1
SHH->PTCH2,ETC->CAF,6
SHH->PTCH2,ETC->DC,3
SHH->PTCH2,ETC->EMT,1
SHH->PTCH2,ETC->Endo,2
SHH->PTCH2,ETC->ETC,7
SHH->PTCH2,ETC->TAM,3
SHH->PTCH2,TIL->CAF,1
SHH->PTCH2,TIL->DC,1
SHH->PTCH2,TIL->ETC,1
SHH->PTCH2,TIL->TAM,1
SHH->SMO,CAF->CAF,2
SHH->SMO,CAF->DC,1
SHH->SMO,CAF->ETC,2
SHH->SMO,CAF->TAM,1
SHH->SMO,DC->CAF,1
SHH->SMO,DC->DC,1
SHH->SMO,DC->ETC,1
SHH->SMO,EMT->CAF,1
SHH->SMO,EMT->EMT,2
SHH->SMO,EMT->Endo,1
SHH->SMO,Endo->CAF,1
SHH->SMO,Endo->ETC,1
SHH->SMO,ETC->CAF,6
SHH->SMO,ETC->DC,2
SHH->SMO,ETC->EMT,1
SHH->SMO,ETC->Endo,1
SHH->SMO,ETC->ETC,6
SHH->SMO,ETC->TAM,2
SHH->SMO,TIL->CAF,1
SHH->SMO,TIL->DC,1
SHH->SMO,TIL->ETC,1
SHH->SMO,TIL->TAM,1
SLAMF1->SLAMF1,CAF->CAF,3
SLAMF1->SLAMF1,CAF->DC,2
SLAMF1->SLAMF1,CAF->Endo,1
SLAMF1->SLAMF1,CAF->ETC,2
SLAMF1->SLAMF1,CAF->TAM,1
SLAMF1->SLAMF1,CAF->TIL,2
SLAMF1->SLAMF1,DC->CAF,2
SLAMF1->SLAMF1,DC->DC,3
SLAMF1->SLAMF1,DC->Endo,2
SLAMF1->SLAMF1,DC->ETC,2
SLAMF1->SLAMF1,DC->TAM,1
SLAMF1->SLAMF1,DC->TIL,2
SLAMF1->SLAMF1,EMT->EMT,2
SLAMF1->SLAMF1,EMT->Endo,1
SLAMF1->SLAMF1,EMT->TIL,1
SLAMF1->SLAMF1,Endo->CAF,1
SLAMF1->SLAMF1,Endo->DC,2
SLAMF1->SLAMF1,Endo->EMT,1
SLAMF1->SLAMF1,Endo->Endo,3
SLAMF1->SLAMF1,Endo->ETC,1
SLAMF1->SLAMF1,Endo->TAM,1
SLAMF1->SLAMF1,Endo->TIL,1
SLAMF1->SLAMF1,ETC->CAF,2
SLAMF1->SLAMF1,ETC->DC,2
SLAMF1->SLAMF1,ETC->Endo,1
SLAMF1->SLAMF1,ETC->ETC,5
SLAMF1->SLAMF1,ETC->TAM,2
SLAMF1->SLAMF1,ETC->TIL,3
SLAMF1->SLAMF1,TAM->CAF,1
SLAMF1->SLAMF1,TAM->DC,1
SLAMF1->SLAMF1,TAM->Endo,1
SLAMF1->SLAMF1,TAM->ETC,2
SLAMF1->SLAMF1,TAM->TAM,3
SLAMF1->SLAMF1,TAM->TIL,3
SLAMF1->SLAMF1,TIL->CAF,2
SLAMF1->SLAMF1,TIL->DC,2
SLAMF1->SLAMF1,TIL->EMT,1
SLAMF1->SLAMF1,TIL->Endo,1
SLAMF1->SLAMF1,TIL->ETC,3
SLAMF1->SLAMF1,TIL->TAM,3
SLAMF1->SLAMF1,TIL->TIL,5
SLAMF6->SLAMF6,CAF->CAF,2
SLAMF6->SLAMF6,CAF->DC,1
SLAMF6->SLAMF6,CAF->ETC,2
SLAMF6->SLAMF6,CAF->TAM,2
SLAMF6->SLAMF6,CAF->TIL,1
SLAMF6->SLAMF6,DC->CAF,1
SLAMF6->SLAMF6,DC->DC,2
SLAMF6->SLAMF6,DC->ETC,2
SLAMF6->SLAMF6,DC->TAM,1
SLAMF6->SLAMF6,DC->TIL,1
SLAMF6->SLAMF6,EMT->EMT,2
SLAMF6->SLAMF6,EMT->TIL,1
SLAMF6->SLAMF6,ETC->CAF,2
SLAMF6->SLAMF6,ETC->DC,2
SLAMF6->SLAMF6,ETC->ETC,7
SLAMF6->SLAMF6,ETC->TAM,5
SLAMF6->SLAMF6,ETC->TIL,2
SLAMF6->SLAMF6,TAM->CAF,2
SLAMF6->SLAMF6,TAM->DC,1
SLAMF6->SLAMF6,TAM->ETC,5
SLAMF6->SLAMF6,TAM->TAM,6
SLAMF6->SLAMF6,TAM->TIL,3
SLAMF6->SLAMF6,TIL->CAF,1
SLAMF6->SLAMF6,TIL->DC,1
SLAMF6->SLAMF6,TIL->EMT,1
SLAMF6->SLAMF6,TIL->ETC,2
SLAMF6->SLAMF6,TIL->TAM,3
SLAMF6->SLAMF6,TIL->TIL,4
SLIT3->ROBO2,CAF->CAF,8
SLIT3->ROBO2,CAF->DC,2
SLIT3->ROBO2,CAF->Endo,1
SLIT3->ROBO2,CAF->ETC,2
SLIT3->ROBO2,CAF->TIL,1
SLIT3->ROBO2,DC->CAF,1
SLIT3->ROBO2,DC->DC,1
SLIT3->ROBO2,DC->Endo,1
SLIT3->ROBO2,EMT->CAF,1
SLIT3->ROBO2,Endo->CAF,4
SLIT3->ROBO2,Endo->DC,2
SLIT3->ROBO2,Endo->Endo,1
SLIT3->ROBO2,Endo->ETC,1
SLIT3->ROBO2,Endo->TIL,1
SLIT3->ROBO2,ETC->CAF,5
SLIT3->ROBO2,ETC->DC,2
SLIT3->ROBO2,ETC->Endo,1
SLIT3->ROBO2,ETC->ETC,1
SLIT3->ROBO2,TAM->CAF,3
SLIT3->ROBO2,TAM->DC,1
SLIT3->ROBO2,TAM->ETC,1
SLIT3->ROBO2,TAM->TIL,1
SLURP1->CHRNA7,CAF->ETC,2
SLURP1->CHRNA7,CAF->TAM,1
SLURP1->CHRNA7,EMT->EMT,1
SLURP1->CHRNA7,EMT->ETC,1
SLURP1->CHRNA7,ETC->CAF,1
SLURP1->CHRNA7,ETC->Endo,1
SLURP1->CHRNA7,ETC->ETC,5
SLURP1->CHRNA7,ETC->TAM,3
SLURP1->CHRNA7,TAM->EMT,1
SLURP1->CHRNA7,TAM->ETC,1
TDGF1->ACVR1B,ETC->CAF,6
TDGF1->ACVR1B,ETC->DC,4
TDGF1->ACVR1B,ETC->EMT,1
TDGF1->ACVR1B,ETC->Endo,4
TDGF1->ACVR1B,ETC->ETC,6
TDGF1->ACVR1B,ETC->TAM,4
THPO->MPL,CAF->ETC,1
TNFSF13->SDC2,DC->CAF,1
TNFSF13->SDC2,DC->DC,1
TNFSF13->SDC2,DC->ETC,1
TNFSF13->SDC2,DC->TAM,1
TNFSF13->SDC2,ETC->CAF,3
TNFSF13->SDC2,ETC->DC,3
TNFSF13->SDC2,ETC->Endo,2
TNFSF13->SDC2,ETC->ETC,3
TNFSF13->SDC2,ETC->TAM,3
TNFSF13->SDC2,TAM->CAF,4
TNFSF13->SDC2,TAM->DC,3
TNFSF13->SDC2,TAM->Endo,1
TNFSF13->SDC2,TAM->ETC,3
TNFSF13->SDC2,TAM->TAM,4
TNFSF13->SDC2,TAM->TIL,1
VIP->VIPR1,CAF->CAF,1
VIP->VIPR1,CAF->Endo,1
VIP->VIPR1,CAF->ETC,1
VIP->VIPR1,EMT->EMT,1
VIP->VIPR1,Endo->CAF,3
VIP->VIPR1,Endo->Endo,1
VIP->VIPR1,Endo->ETC,4
VIP->VIPR1,Endo->TAM,2
VIP->VIPR1,Endo->TIL,1
WNT2->FZD8,CAF->CAF,8
WNT2->FZD8,CAF->DC,1
WNT2->FZD8,CAF->EMT,1
WNT2->FZD8,CAF->Endo,5
WNT2->FZD8,CAF->ETC,4
WNT2->FZD8,CAF->TAM,3
WNT2->FZD8,DC->CAF,1
WNT2->FZD8,DC->ETC,1
WNT2->FZD8,DC->TAM,1
WNT2->FZD8,EMT->ETC,1
WNT2->FZD8,ETC->CAF,3
WNT2->FZD8,ETC->DC,1
WNT2->FZD8,ETC->Endo,1
WNT2->FZD8,ETC->ETC,3
WNT2->FZD8,ETC->TAM,2
WNT2->FZD8,TAM->CAF,1
WNT2->FZD8,TAM->Endo,1
WNT2->FZD8,TAM->TAM,1
WNT3->FZD8,CAF->CAF,5
WNT3->FZD8,CAF->DC,1
WNT3->FZD8,CAF->Endo,4
WNT3->FZD8,CAF->ETC,3
WNT3->FZD8,CAF->TAM,2
WNT3->FZD8,EMT->CAF,1
WNT3->FZD8,EMT->EMT,1
WNT3->FZD8,EMT->Endo,1
WNT3->FZD8,Endo->CAF,1
WNT3->FZD8,Endo->DC,1
WNT3->FZD8,Endo->Endo,1
WNT3->FZD8,Endo->ETC,1
WNT3->FZD8,ETC->CAF,5
WNT3->FZD8,ETC->DC,1
WNT3->FZD8,ETC->Endo,2
WNT3->FZD8,ETC->ETC,4
WNT3->FZD8,ETC->TAM,2
WNT3->FZD8,TAM->CAF,2
WNT3->FZD8,TAM->Endo,1
WNT3->FZD8,TAM->ETC,1
WNT3->FZD8,TAM->TAM,2
WNT3A->FZD8,CAF->CAF,2
WNT3A->FZD8,CAF->DC,1
WNT3A->FZD8,CAF->Endo,1
WNT3A->FZD8,CAF->ETC,2
WNT3A->FZD8,CAF->TAM,1
WNT3A->FZD8,EMT->CAF,1
WNT3A->FZD8,EMT->EMT,1
WNT3A->FZD8,EMT->Endo,1
WNT3A->FZD8,ETC->CAF,4
WNT3A->FZD8,ETC->DC,1
WNT3A->FZD8,ETC->Endo,3
WNT3A->FZD8,ETC->ETC,3
WNT3A->FZD8,ETC->TAM,2
WNT9B->FZD8,CAF->CAF,1
WNT9B->FZD8,CAF->Endo,1
WNT9B->FZD8,Endo->CAF,1
WNT9B->FZD8,Endo->DC,1
WNT9B->FZD8,Endo->Endo,1
WNT9B->FZD8,Endo->ETC,1
ZG16B->CXCR4,CAF->CAF,7
ZG16B->CXCR4,CAF->DC,7
ZG16B->CXCR4,CAF->EMT,1
ZG16B->CXCR4,CAF->Endo,6
ZG16B->CXCR4,CAF->ETC,7
ZG16B->CXCR4,CAF->TAM,7
ZG16B->CXCR4,CAF->TIL,7
ZG16B->CXCR4,DC->CAF,2
ZG16B->CXCR4,DC->DC,2
ZG16B->CXCR4,DC->Endo,2
ZG16B->CXCR4,DC->ETC,2
ZG16B->CXCR4,DC->TAM,2
ZG16B->CXCR4,DC->TIL,2
ZG16B->CXCR4,EMT->CAF,2
ZG16B->CXCR4,EMT->DC,2
ZG16B->CXCR4,EMT->EMT,2
ZG16B->CXCR4,EMT->Endo,2
ZG16B->CXCR4,EMT->ETC,3
ZG16B->CXCR4,EMT->TAM,1
ZG16B->CXCR4,EMT->TIL,2
ZG16B->CXCR4,Endo->CAF,4
ZG16B->CXCR4,Endo->DC,4
ZG16B->CXCR4,Endo->EMT,1
ZG16B->CXCR4,Endo->Endo,4
ZG16B->CXCR4,Endo->ETC,4
ZG16B->CXCR4,Endo->TAM,4
ZG16B->CXCR4,Endo->TIL,4
ZG16B->CXCR4,ETC->CAF,7
ZG16B->CXCR4,ETC->DC,8
ZG16B->CXCR4,ETC->EMT,1
ZG16B->CXCR4,ETC->Endo,6
ZG16B->CXCR4,ETC->ETC,9
ZG16B->CXCR4,ETC->TAM,7
ZG16B->CXCR4,ETC->TIL,8
ZG16B->CXCR4,TAM->CAF,7
ZG16B->CXCR4,TAM->DC,7
ZG16B->CXCR4,TAM->EMT,1
ZG16B->CXCR4,TAM->Endo,6
ZG16B->CXCR4,TAM->ETC,7
ZG16B->CXCR4,TAM->TAM,7
ZG16B->CXCR4,TAM->TIL,7
ZG16B->CXCR4,TIL->CAF,1
ZG16B->CXCR4,TIL->DC,1
ZG16B->CXCR4,TIL->Endo,1
ZG16B->CXCR4,TIL->ETC,1
ZG16B->CXCR4,TIL->TAM,1
ZG16B->CXCR4,TIL->TIL,1
ZG16B->TLR4,CAF->CAF,7
ZG16B->TLR4,CAF->DC,5
ZG16B->TLR4,CAF->EMT,1
ZG16B->TLR4,CAF->Endo,5
ZG16B->TLR4,CAF->ETC,5
ZG16B->TLR4,CAF->TAM,6
ZG16B->TLR4,DC->CAF,2
ZG16B->TLR4,DC->DC,1
ZG16B->TLR4,DC->Endo,2
ZG16B->TLR4,DC->ETC,2
ZG16B->TLR4,DC->TAM,1
ZG16B->TLR4,EMT->CAF,2
ZG16B->TLR4,EMT->DC,1
ZG16B->TLR4,EMT->EMT,1
ZG16B->TLR4,EMT->Endo,1
ZG16B->TLR4,EMT->TAM,1
ZG16B->TLR4,Endo->CAF,4
ZG16B->TLR4,Endo->DC,3
ZG16B->TLR4,Endo->EMT,1
ZG16B->TLR4,Endo->Endo,4
ZG16B->TLR4,Endo->ETC,3
ZG16B->TLR4,Endo->TAM,3
ZG16B->TLR4,ETC->CAF,7
ZG16B->TLR4,ETC->DC,4
ZG16B->TLR4,ETC->Endo,4
ZG16B->TLR4,ETC->ETC,5
ZG16B->TLR4,ETC->TAM,5
ZG16B->TLR4,TAM->CAF,7
ZG16B->TLR4,TAM->DC,5
ZG16B->TLR4,TAM->EMT,1
ZG16B->TLR4,TAM->Endo,5
ZG16B->TLR4,TAM->ETC,5
ZG16B->TLR4,TAM->TAM,6
ZG16B->TLR4,TIL->CAF,1
ZG16B->TLR4,TIL->DC,1
ZG16B->TLR4,TIL->Endo,1
ZG16B->TLR4,TIL->ETC,1
ZG16B->TLR4,TIL->TAM,1
